#! /usr/bin/vvp
:ivl_version "12.0 (stable)";
:ivl_delay_selection "TYPICAL";
:vpi_time_precision - 12;
:vpi_module "/usr/lib/aarch64-linux-gnu/ivl/system.vpi";
:vpi_module "/usr/lib/aarch64-linux-gnu/ivl/vhdl_sys.vpi";
:vpi_module "/usr/lib/aarch64-linux-gnu/ivl/vhdl_textio.vpi";
:vpi_module "/usr/lib/aarch64-linux-gnu/ivl/v2005_math.vpi";
:vpi_module "/usr/lib/aarch64-linux-gnu/ivl/va_math.vpi";
:vpi_module "/usr/lib/aarch64-linux-gnu/ivl/v2009.vpi";
S_0xbd953e0dddf0 .scope package, "$unit" "$unit" 2 1;
 .timescale 0 0;
S_0xbd953e0ecbc0 .scope module, "tb_saveram" "tb_saveram" 3 15;
 .timescale -9 -12;
P_0xbd953e0ee200 .param/real "BIT" 0 3 18, Cr<m7d00000000000000gfca>; value=500.000
P_0xbd953e0ee240 .param/l "FREQ" 0 3 17, +C4<00000001010001111101000111100000>;
P_0xbd953e0ee280 .param/l "LATE" 0 3 19, +C4<00000000000000000000000000001000>;
L_0xbd953e15a160 .functor BUFZ 1, v0xbd953e146e80_0, C4<0>, C4<0>, C4<0>;
v0xbd953e1466f0_0 .var "addr_r", 16 0;
v0xbd953e1467f0_0 .var "addr_w", 16 0;
v0xbd953e1468d0_0 .net "cap_data", 7 0, v0xbd953e137d60_0;  1 drivers
v0xbd953e1469d0 .array "cap_mem", 65535 0, 7 0;
v0xbd953e146a70_0 .net "cap_valid", 0 0, v0xbd953e137e40_0;  1 drivers
v0xbd953e146b60_0 .var "clk", 0 0;
v0xbd953e146c00_0 .var "cnt", 3 0;
v0xbd953e146cc0_0 .var "core_a", 16 0;
v0xbd953e146da0_0 .var "core_d", 7 0;
v0xbd953e146e80_0 .var "core_we", 0 0;
v0xbd953e146f40_0 .var "din_w", 7 0;
v0xbd953e147020_0 .var/i "errs", 31 0;
v0xbd953e147100_0 .var "joy1", 11 0;
v0xbd953e1471f0_0 .var "joy2", 11 0;
v0xbd953e1472c0_0 .var/i "k", 31 0;
v0xbd953e147380_0 .var/i "ncap", 31 0;
v0xbd953e147460_0 .var "pend_r", 0 0;
v0xbd953e147630_0 .var "pend_w", 0 0;
v0xbd953e1476f0 .array "ram", 131071 0, 7 0;
v0xbd953e1477b0_0 .var/i "rcnt", 31 0;
v0xbd953e147890_0 .var "req_seen", 0 0;
v0xbd953e147950_0 .var "resetn", 0 0;
v0xbd953e147a20_0 .var "rreq_seen", 0 0;
v0xbd953e147ac0_0 .var "sv_ack", 0 0;
v0xbd953e147b90_0 .net "sv_addr", 16 0, L_0xbd953e159800;  1 drivers
v0xbd953e147c60_0 .net "sv_core_we", 0 0, L_0xbd953e15a160;  1 drivers
v0xbd953e147d30_0 .net "sv_din", 7 0, v0xbd953e142380_0;  1 drivers
v0xbd953e147e00_0 .var "sv_q", 7 0;
v0xbd953e147ed0_0 .var "sv_rack", 0 0;
v0xbd953e147fa0_0 .net "sv_req", 0 0, v0xbd953e142b80_0;  1 drivers
v0xbd953e148070_0 .net "sv_rreq", 0 0, v0xbd953e142de0_0;  1 drivers
v0xbd953e148140_0 .net "sv_we", 0 0, L_0xbd953e159940;  1 drivers
v0xbd953e148210_0 .net "tb_kbd", 7 0, v0xbd953e1405f0_0;  1 drivers
v0xbd953e1482e0_0 .var "uart_rx", 0 0;
v0xbd953e1483b0_0 .net "uart_tx", 0 0, L_0xbd953e113230;  1 drivers
S_0xbd953e0da600 .scope module, "cap" "async_receiver" 3 91, 4 74 0, S_0xbd953e0ecbc0;
 .timescale -9 -12;
    .port_info 0 /INPUT 1 "clk";
    .port_info 1 /INPUT 1 "RxD";
    .port_info 2 /OUTPUT 1 "RxD_data_ready";
    .port_info 3 /OUTPUT 8 "RxD_data";
    .port_info 4 /OUTPUT 1 "RxD_idle";
    .port_info 5 /OUTPUT 1 "RxD_endofpacket";
P_0xbd953e02b1a0 .param/l "Baud" 0 4 88, +C4<00000000000111101000010010000000>;
P_0xbd953e02b1e0 .param/l "ClkFrequency" 0 4 87, +C4<00000001010001111101000111100000>;
P_0xbd953e02b220 .param/l "Oversampling" 0 4 90, +C4<00000000000000000000000000001000>;
P_0xbd953e02b260 .param/l "l2o" 1 4 132, +C4<00000000000000000000000000000100>;
L_0xbd953e15a000 .functor AND 1, L_0xbd953e159c40, L_0xbd953e159e90, C4<1>, C4<1>;
v0xbd953e137890_0 .var "Filter_cnt", 1 0;
v0xbd953e137970_0 .var "GapCnt", 5 0;
v0xbd953e137a50_0 .var "OversamplingCnt", 2 0;
v0xbd953e137b10_0 .net "OversamplingTick", 0 0, L_0xbd953e159c40;  1 drivers
v0xbd953e137bb0_0 .net "RxD", 0 0, L_0xbd953e113230;  alias, 1 drivers
v0xbd953e137ca0_0 .var "RxD_bit", 0 0;
v0xbd953e137d60_0 .var "RxD_data", 7 0;
v0xbd953e137e40_0 .var "RxD_data_ready", 0 0;
v0xbd953e137f00_0 .var "RxD_endofpacket", 0 0;
v0xbd953e137fc0_0 .net "RxD_idle", 0 0, L_0xbd953e15a0c0;  1 drivers
v0xbd953e138080_0 .var "RxD_state", 3 0;
v0xbd953e138160_0 .var "RxD_sync", 1 0;
v0xbd953e138240_0 .net *"_ivl_2", 31 0, L_0xbd953e159d10;  1 drivers
L_0xe341d23e6378 .functor BUFT 1, C4<00000000000000000000000000000>, C4<0>, C4<0>, C4<0>;
v0xbd953e138320_0 .net *"_ivl_5", 28 0, L_0xe341d23e6378;  1 drivers
L_0xe341d23e63c0 .functor BUFT 1, C4<00000000000000000000000000000011>, C4<0>, C4<0>, C4<0>;
v0xbd953e138400_0 .net/2u *"_ivl_6", 31 0, L_0xe341d23e63c0;  1 drivers
v0xbd953e1384e0_0 .net *"_ivl_8", 0 0, L_0xbd953e159e90;  1 drivers
v0xbd953e1385a0_0 .net "clk", 0 0, v0xbd953e146b60_0;  1 drivers
v0xbd953e138640_0 .net "sampleNow", 0 0, L_0xbd953e15a000;  1 drivers
L_0xbd953e159d10 .concat [ 3 29 0 0], v0xbd953e137a50_0, L_0xe341d23e6378;
L_0xbd953e159e90 .cmp/eq 32, L_0xbd953e159d10, L_0xe341d23e63c0;
L_0xbd953e15a0c0 .part v0xbd953e137970_0, 5, 1;
S_0xbd953e0daf90 .scope function.vec4.u32, "log2" "log2" 4 131, 4 131 0, S_0xbd953e0da600;
 .timescale -9 -12;
; Variable log2 is vec4 return value of scope S_0xbd953e0daf90
v0xbd953e1111b0_0 .var/i "v", 31 0;
TD_tb_saveram.cap.log2 ;
    %pushi/vec4 0, 0, 32;
    %ret/vec4 0, 0, 32;  Assign to log2 (store_vec4_to_lval)
T_0.0 ;
    %load/vec4 v0xbd953e1111b0_0;
    %retload/vec4 0; Load log2 (draw_signal_vec4)
    %ix/vec4 4;
    %shiftr 4;
    %or/r;
    %flag_set/vec4 8;
    %jmp/0xz T_0.1, 8;
    %retload/vec4 0; Load log2 (draw_signal_vec4)
    %addi 1, 0, 32;
    %ret/vec4 0, 0, 32;  Assign to log2 (store_vec4_to_lval)
    %jmp T_0.0;
T_0.1 ;
    %end;
S_0xbd953e137200 .scope module, "tickgen" "BaudTickGen" 4 108, 4 184 0, S_0xbd953e0da600;
 .timescale -9 -12;
    .port_info 0 /INPUT 1 "clk";
    .port_info 1 /INPUT 1 "enable";
    .port_info 2 /OUTPUT 1 "tick";
P_0xbd953e137400 .param/l "AccWidth" 1 4 192, +C4<00000000000000000000000000010011>;
P_0xbd953e137440 .param/l "Baud" 0 4 189, +C4<00000000000111101000010010000000>;
P_0xbd953e137480 .param/l "ClkFrequency" 0 4 188, +C4<00000001010001111101000111100000>;
P_0xbd953e1374c0 .param/l "Inc" 1 4 197, +C4<000000000000000000000000000000000000000000000000000000000000000000000000000000000000000000000000000000000000001011111010100111010>;
P_0xbd953e137500 .param/l "Oversampling" 0 4 190, +C4<00000000000000000000000000001000>;
v0xbd953e111a00_0 .var "Acc", 19 0;
v0xbd953e111f20_0 .net "clk", 0 0, v0xbd953e146b60_0;  alias, 1 drivers
L_0xe341d23e6330 .functor BUFT 1, C4<1>, C4<0>, C4<0>, C4<0>;
v0xbd953e1129d0_0 .net "enable", 0 0, L_0xe341d23e6330;  1 drivers
v0xbd953e113390_0 .net "tick", 0 0, L_0xbd953e159c40;  alias, 1 drivers
E_0xbd953e0b9660 .event posedge, v0xbd953e111f20_0;
L_0xbd953e159c40 .part v0xbd953e111a00_0, 19, 1;
S_0xbd953e1387a0 .scope task, "core_read_check" "core_read_check" 3 139, 3 139 0, S_0xbd953e0ecbc0;
 .timescale -9 -12;
v0xbd953e138950_0 .var "a", 16 0;
v0xbd953e138a30_0 .var "e", 7 0;
TD_tb_saveram.core_read_check ;
    %wait E_0xbd953e0b9660;
    %load/vec4 v0xbd953e138950_0;
    %pad/u 19;
    %ix/vec4 4;
    %load/vec4a v0xbd953e1476f0, 4;
    %load/vec4 v0xbd953e138a30_0;
    %cmp/ne;
    %jmp/0xz  T_1.2, 6;
    %load/vec4 v0xbd953e147020_0;
    %addi 1, 0, 32;
    %store/vec4 v0xbd953e147020_0, 0, 32;
    %load/vec4 v0xbd953e138950_0;
    %pad/u 19;
    %ix/vec4 4;
    %load/vec4a v0xbd953e1476f0, 4;
    %vpi_call/w 3 144 "$display", "FAIL: ram[%0h] = %02x, expected %02x", v0xbd953e138950_0, S<0,vec4,u8>, v0xbd953e138a30_0 {1 0 0};
T_1.2 ;
    %end;
S_0xbd953e138b10 .scope task, "core_write" "core_write" 3 132, 3 132 0, S_0xbd953e0ecbc0;
 .timescale -9 -12;
v0xbd953e138d20_0 .var "a", 16 0;
v0xbd953e138e00_0 .var "d", 7 0;
TD_tb_saveram.core_write ;
    %wait E_0xbd953e0b9660;
    %load/vec4 v0xbd953e138d20_0;
    %assign/vec4 v0xbd953e146cc0_0, 0;
    %load/vec4 v0xbd953e138e00_0;
    %assign/vec4 v0xbd953e146da0_0, 0;
    %pushi/vec4 1, 0, 1;
    %assign/vec4 v0xbd953e146e80_0, 0;
    %wait E_0xbd953e0b9660;
    %pushi/vec4 0, 0, 1;
    %assign/vec4 v0xbd953e146e80_0, 0;
    %end;
S_0xbd953e138ee0 .scope task, "dump_header" "dump_header" 3 188, 3 188 0, S_0xbd953e0ecbc0;
 .timescale -9 -12;
v0xbd953e1390c0_0 .var "blk", 15 0;
TD_tb_saveram.dump_header ;
    %pushi/vec4 170, 0, 8;
    %store/vec4 v0xbd953e1441f0_0, 0, 8;
    %fork TD_tb_saveram.expect_byte, S_0xbd953e143f10;
    %join;
    %pushi/vec4 2, 0, 8;
    %store/vec4 v0xbd953e1441f0_0, 0, 8;
    %fork TD_tb_saveram.expect_byte, S_0xbd953e143f10;
    %join;
    %pushi/vec4 3, 0, 8;
    %store/vec4 v0xbd953e1441f0_0, 0, 8;
    %fork TD_tb_saveram.expect_byte, S_0xbd953e143f10;
    %join;
    %pushi/vec4 10, 0, 8;
    %store/vec4 v0xbd953e1441f0_0, 0, 8;
    %fork TD_tb_saveram.expect_byte, S_0xbd953e143f10;
    %join;
    %load/vec4 v0xbd953e1390c0_0;
    %parti/s 8, 8, 5;
    %store/vec4 v0xbd953e1441f0_0, 0, 8;
    %fork TD_tb_saveram.expect_byte, S_0xbd953e143f10;
    %join;
    %load/vec4 v0xbd953e1390c0_0;
    %parti/s 8, 0, 2;
    %store/vec4 v0xbd953e1441f0_0, 0, 8;
    %fork TD_tb_saveram.expect_byte, S_0xbd953e143f10;
    %join;
    %end;
S_0xbd953e1391c0 .scope module, "dut" "iosys_bl616" 3 40, 5 10 0, S_0xbd953e0ecbc0;
 .timescale -9 -12;
    .port_info 0 /INPUT 1 "clk";
    .port_info 1 /INPUT 1 "hclk";
    .port_info 2 /INPUT 1 "resetn";
    .port_info 3 /OUTPUT 1 "overlay";
    .port_info 4 /INPUT 8 "overlay_x";
    .port_info 5 /INPUT 8 "overlay_y";
    .port_info 6 /OUTPUT 15 "overlay_color";
    .port_info 7 /INPUT 12 "joy1";
    .port_info 8 /INPUT 12 "joy2";
    .port_info 9 /OUTPUT 16 "hid1";
    .port_info 10 /OUTPUT 16 "hid2";
    .port_info 11 /OUTPUT 8 "rom_loading";
    .port_info 12 /OUTPUT 8 "rom_do";
    .port_info 13 /OUTPUT 1 "rom_do_valid";
    .port_info 14 /OUTPUT 16 "mgmt_address";
    .port_info 15 /OUTPUT 1 "mgmt_read";
    .port_info 16 /INPUT 16 "mgmt_readdata";
    .port_info 17 /OUTPUT 1 "mgmt_write";
    .port_info 18 /OUTPUT 16 "mgmt_writedata";
    .port_info 19 /INPUT 2 "fdd_request";
    .port_info 20 /OUTPUT 8 "kbd_data";
    .port_info 21 /OUTPUT 1 "kbd_data_valid";
    .port_info 22 /OUTPUT 32 "core_config";
    .port_info 23 /OUTPUT 17 "sv_addr";
    .port_info 24 /OUTPUT 8 "sv_din";
    .port_info 25 /OUTPUT 1 "sv_we";
    .port_info 26 /OUTPUT 1 "sv_req";
    .port_info 27 /INPUT 1 "sv_ack";
    .port_info 28 /OUTPUT 1 "sv_rreq";
    .port_info 29 /INPUT 1 "sv_rack";
    .port_info 30 /INPUT 8 "sv_q";
    .port_info 31 /INPUT 1 "sv_core_we";
    .port_info 32 /INPUT 1 "uart_rx";
    .port_info 33 /OUTPUT 1 "uart_tx";
P_0xbd953e1393f0 .param/l "BAUD_RATE" 1 5 93, +C4<00000000000111101000010010000000>;
P_0xbd953e139430 .param/l "CLK_FREQ" 1 5 92, +C4<00000001010001111101000111100000>;
P_0xbd953e139470 .param/l "COLOR_LOGO" 0 5 12, C4<000001010100000>;
P_0xbd953e1394b0 .param/str "CONF_STR" 1 5 89, "Tangcores;-;O12,OSD key,Right+Select,Select+Start,Select+RB;-;V,v20240101";
P_0xbd953e1394f0 .param/l "CORE_ID" 0 5 13, C4<0000000000000010>;
P_0xbd953e139530 .param/l "FDD_DONE_WAIT" 1 5 203, +C4<00000000000000000000000000000010>;
P_0xbd953e139570 .param/l "FDD_READY" 1 5 201, +C4<00000000000000000000000000000000>;
P_0xbd953e1395b0 .param/l "FDD_READ_WAIT" 1 5 202, +C4<00000000000000000000000000000001>;
P_0xbd953e1395f0 .param/l "FREQ" 0 5 11, +C4<00000001010001111101000111100000>;
P_0xbd953e139630 .param/l "JOY_UPDATE_INTERVAL" 1 5 442, +C4<00000000000011110100001001000000>;
P_0xbd953e139670 .param/l "LOADING_STATE" 0 5 14, C4<00000000>;
P_0xbd953e1396b0 .param/l "RECV_CMD" 1 5 144, C4<00001000>;
P_0xbd953e1396f0 .param/l "RECV_IDLE" 1 5 141, C4<00000001>;
P_0xbd953e139730 .param/l "RECV_LEN1" 1 5 142, C4<00000010>;
P_0xbd953e139770 .param/l "RECV_LEN2" 1 5 143, C4<00000100>;
P_0xbd953e1397b0 .param/l "RECV_PARAM" 1 5 145, C4<00010000>;
P_0xbd953e1397f0 .param/l "RECV_RESPONSE_ACK" 1 5 147, C4<01000000>;
P_0xbd953e139830 .param/l "RECV_RESPONSE_REQ" 1 5 146, C4<00100000>;
P_0xbd953e139870 .param/l "RECV_SAVE_WAIT" 1 5 148, C4<10000000>;
P_0xbd953e1398b0 .param/l "SAVE_AW" 0 5 26, +C4<00000000000000000000000000010001>;
P_0xbd953e1398f0 .param/l "SAVE_IF" 0 5 25, +C4<00000000000000000000000000000001>;
P_0xbd953e139930 .param/l "SAVE_RDY" 0 5 27, +C4<00000000000000000000000000000001>;
P_0xbd953e139970 .param/l "SEND_CONFIG_STRING" 1 5 429, +C4<00000000000000000000000000000010>;
P_0xbd953e1399b0 .param/l "SEND_CORE_ID" 1 5 428, +C4<00000000000000000000000000000001>;
P_0xbd953e1399f0 .param/l "SEND_DONE" 1 5 435, +C4<00000000000000000000000000000111>;
P_0xbd953e139a30 .param/l "SEND_FDD_READ" 1 5 432, +C4<00000000000000000000000000000101>;
P_0xbd953e139a70 .param/l "SEND_FDD_WRITE" 1 5 431, +C4<00000000000000000000000000000100>;
P_0xbd953e139ab0 .param/l "SEND_HEADER" 1 5 434, +C4<00000000000000000000000000000110>;
P_0xbd953e139af0 .param/l "SEND_IDLE" 1 5 426, +C4<00000000000000000000000000000000>;
P_0xbd953e139b30 .param/l "SEND_JOYPAD" 1 5 430, +C4<00000000000000000000000000000011>;
P_0xbd953e139b70 .param/l "SEND_SAVE_BLK" 1 5 436, +C4<00000000000000000000000000001010>;
P_0xbd953e139bb0 .param/l "SEND_SAVE_DIRTY" 1 5 437, +C4<00000000000000000000000000001011>;
P_0xbd953e139bf0 .param/l "SEND_SAVE_RDY" 1 5 438, +C4<00000000000000000000000000001100>;
P_0xbd953e139c30 .param/l "STR_LEN" 1 5 88, +C4<00000000000000000000000001001001>;
L_0xbd953e10f4a0 .functor BUFZ 1, v0xbd953e141190_0, C4<0>, C4<0>, C4<0>;
L_0xbd953e111050 .functor BUFZ 8, v0xbd953e141b70_0, C4<00000000>, C4<00000000>, C4<00000000>;
L_0xbd953e1593a0 .functor NOT 1, L_0xbd953e111dc0, C4<0>, C4<0>, C4<0>;
L_0xbd953e1594a0 .functor XOR 1, v0xbd953e142b80_0, v0xbd953e142d20_0, C4<0>, C4<0>;
L_0xbd953e159540 .functor XOR 1, v0xbd953e142b80_0, v0xbd953e147ac0_0, C4<0>, C4<0>;
L_0xbd953e159600 .functor XNOR 1, v0xbd953e142b80_0, v0xbd953e147ac0_0, C4<0>, C4<0>;
L_0xbd953e159740 .functor XNOR 1, v0xbd953e142de0_0, v0xbd953e147ed0_0, C4<0>, C4<0>;
L_0xbd953e159940 .functor BUFZ 1, L_0xbd953e159540, C4<0>, C4<0>, C4<0>;
v0xbd953e13f280_0 .var "char_wr", 7 0;
v0xbd953e13f380_0 .net "clk", 0 0, v0xbd953e146b60_0;  alias, 1 drivers
v0xbd953e13f440_0 .var "cmd_reg", 7 0;
v0xbd953e13f4e0_0 .var "core_config", 31 0;
v0xbd953e13f5c0_0 .var "cursor_x", 7 0;
v0xbd953e13f6a0_0 .var "cursor_y", 7 0;
v0xbd953e13f780_0 .var "data_cnt", 15 0;
v0xbd953e13f860_0 .var "data_reg", 31 0;
v0xbd953e13f940_0 .var "fdd_cnt", 3 0;
v0xbd953e13fa20_0 .var "fdd_read_finish", 0 0;
v0xbd953e13fae0_0 .var "fdd_read_start", 0 0;
L_0xe341d23e62e8 .functor BUFT 1, C4<00>, C4<0>, C4<0>, C4<0>;
v0xbd953e13fba0_0 .net "fdd_request", 1 0, L_0xe341d23e62e8;  1 drivers
v0xbd953e13fc80_0 .var "fdd_state", 1 0;
v0xbd953e13fd60_0 .var "fdd_write_finish", 0 0;
v0xbd953e13fe20_0 .net "hclk", 0 0, v0xbd953e146b60_0;  alias, 1 drivers
v0xbd953e13fec0_0 .var "hid1", 15 0;
v0xbd953e13ffa0_0 .var "hid2", 15 0;
v0xbd953e140190_0 .net "joy1", 11 0, v0xbd953e147100_0;  1 drivers
v0xbd953e140270_0 .var "joy1_reg", 15 0;
v0xbd953e140350_0 .net "joy2", 11 0, v0xbd953e1471f0_0;  1 drivers
v0xbd953e140430_0 .var "joy2_reg", 15 0;
v0xbd953e140510_0 .var "joy_timer", 19 0;
v0xbd953e1405f0_0 .var "kbd_data", 7 0;
v0xbd953e1406d0_0 .var "kbd_data_valid", 0 0;
v0xbd953e140790_0 .var "kbd_len", 3 0;
v0xbd953e140870_0 .var "len_reg", 15 0;
v0xbd953e140950_0 .net "mgmt_address", 15 0, L_0xbd953e159a50;  1 drivers
v0xbd953e140a30_0 .var "mgmt_address_rx", 15 0;
v0xbd953e140b10_0 .var "mgmt_address_tx", 15 0;
v0xbd953e140bf0_0 .var "mgmt_read", 0 0;
L_0xe341d23e62a0 .functor BUFT 1, C4<0000000000000000>, C4<0>, C4<0>, C4<0>;
v0xbd953e140cb0_0 .net "mgmt_readdata", 15 0, L_0xe341d23e62a0;  1 drivers
v0xbd953e140d90_0 .var "mgmt_rx", 0 0;
v0xbd953e140e50_0 .var "mgmt_write", 0 0;
v0xbd953e140f10_0 .var "mgmt_writedata", 15 0;
v0xbd953e140ff0_0 .net "overlay", 0 0, L_0xbd953e10f4a0;  1 drivers
o0xe341d2430788 .functor BUFZ 15, C4<zzzzzzzzzzzzzzz>; HiZ drive
v0xbd953e1410b0_0 .net "overlay_color", 14 0, o0xe341d2430788;  0 drivers
v0xbd953e141190_0 .var "overlay_reg", 0 0;
L_0xe341d23e6210 .functor BUFT 1, C4<00000000>, C4<0>, C4<0>, C4<0>;
v0xbd953e141250_0 .net "overlay_x", 7 0, L_0xe341d23e6210;  1 drivers
L_0xe341d23e6258 .functor BUFT 1, C4<00000000>, C4<0>, C4<0>, C4<0>;
v0xbd953e141330_0 .net "overlay_y", 7 0, L_0xe341d23e6258;  1 drivers
v0xbd953e141410_0 .var "recv_state", 7 0;
v0xbd953e1414f0_0 .net "resetn", 0 0, v0xbd953e147950_0;  1 drivers
v0xbd953e1415b0_0 .var "resp_frame_len", 15 0;
v0xbd953e141690_0 .var "response_ack", 0 0;
v0xbd953e141750_0 .var "response_req", 0 0;
v0xbd953e141810_0 .var "response_type", 7 0;
v0xbd953e1418f0_0 .var "rom_do", 7 0;
v0xbd953e1419d0_0 .var "rom_do_valid", 0 0;
v0xbd953e141a90_0 .net "rom_loading", 7 0, L_0xbd953e111050;  1 drivers
v0xbd953e141b70_0 .var "rom_loading_reg", 7 0;
v0xbd953e141c50_0 .var "rom_remain", 23 0;
v0xbd953e141d30_0 .net "rx_data", 7 0, v0xbd953e13c7e0_0;  1 drivers
v0xbd953e141df0_0 .net "rx_valid", 0 0, v0xbd953e13c8c0_0;  1 drivers
v0xbd953e141ec0_0 .var "send_idx", 6 0;
v0xbd953e141f60_0 .var "send_state", 3 0;
v0xbd953e142040_0 .var "send_state_next", 3 0;
v0xbd953e142120_0 .net "sv_ack", 0 0, v0xbd953e147ac0_0;  1 drivers
v0xbd953e1421e0_0 .net "sv_addr", 16 0, L_0xbd953e159800;  alias, 1 drivers
v0xbd953e1422c0_0 .net "sv_core_we", 0 0, L_0xbd953e15a160;  alias, 1 drivers
v0xbd953e142380_0 .var "sv_din", 7 0;
v0xbd953e142460_0 .var "sv_dirty", 0 0;
v0xbd953e142520_0 .var "sv_idx", 9 0;
v0xbd953e142600_0 .var "sv_notify", 0 0;
v0xbd953e1426c0_0 .net "sv_q", 7 0, v0xbd953e147e00_0;  1 drivers
v0xbd953e1427a0_0 .net "sv_r_done", 0 0, L_0xbd953e159740;  1 drivers
v0xbd953e142860_0 .net "sv_rack", 0 0, v0xbd953e147ed0_0;  1 drivers
v0xbd953e142920_0 .var "sv_raddr", 16 0;
v0xbd953e142a00_0 .var "sv_rd_ack", 0 0;
v0xbd953e142ac0_0 .var "sv_rd_req", 0 0;
v0xbd953e142b80_0 .var "sv_req", 0 0;
v0xbd953e142c40_0 .var "sv_req_blk", 15 0;
v0xbd953e142d20_0 .var "sv_req_d", 0 0;
v0xbd953e142de0_0 .var "sv_rreq", 0 0;
v0xbd953e142ea0_0 .net "sv_w_busy", 0 0, L_0xbd953e159540;  1 drivers
v0xbd953e142f60_0 .net "sv_w_done", 0 0, L_0xbd953e159600;  1 drivers
v0xbd953e143020_0 .net "sv_w_pulse", 0 0, L_0xbd953e1594a0;  1 drivers
v0xbd953e1430e0_0 .var "sv_waddr", 16 0;
v0xbd953e1431c0_0 .net "sv_we", 0 0, L_0xbd953e159940;  alias, 1 drivers
v0xbd953e143280_0 .net "tx_busy", 0 0, L_0xbd953e111dc0;  1 drivers
v0xbd953e143320_0 .var "tx_data", 7 0;
v0xbd953e1433e0_0 .net "tx_ready", 0 0, L_0xbd953e1593a0;  1 drivers
v0xbd953e143480_0 .var "tx_valid", 0 0;
v0xbd953e143550_0 .net "uart_rx", 0 0, v0xbd953e1482e0_0;  1 drivers
v0xbd953e1435f0_0 .var "uart_rx_r", 0 0;
v0xbd953e1436b0_0 .var "uart_rx_rr", 0 0;
v0xbd953e143780_0 .net "uart_tx", 0 0, L_0xbd953e113230;  alias, 1 drivers
v0xbd953e143870_0 .var "we", 0 0;
v0xbd953e143910_0 .var "x_wr", 7 0;
v0xbd953e1439f0_0 .var "y_wr", 7 0;
L_0xbd953e159800 .functor MUXZ 17, v0xbd953e142920_0, v0xbd953e1430e0_0, L_0xbd953e159940, C4<>;
L_0xbd953e159a50 .functor MUXZ 16, v0xbd953e140b10_0, v0xbd953e140a30_0, v0xbd953e140d90_0, C4<>;
S_0xbd953e13b070 .scope module, "uart_receiver" "async_receiver" 5 121, 4 74 0, S_0xbd953e1391c0;
 .timescale -9 -12;
    .port_info 0 /INPUT 1 "clk";
    .port_info 1 /INPUT 1 "RxD";
    .port_info 2 /OUTPUT 1 "RxD_data_ready";
    .port_info 3 /OUTPUT 8 "RxD_data";
    .port_info 4 /OUTPUT 1 "RxD_idle";
    .port_info 5 /OUTPUT 1 "RxD_endofpacket";
P_0xbd953e0183d0 .param/l "Baud" 0 4 88, +C4<00000000000111101000010010000000>;
P_0xbd953e018410 .param/l "ClkFrequency" 0 4 87, +C4<00000001010001111101000111100000>;
P_0xbd953e018450 .param/l "Oversampling" 0 4 90, +C4<00000000000000000000000000001000>;
P_0xbd953e018490 .param/l "l2o" 1 4 132, +C4<00000000000000000000000000000100>;
L_0xbd953e1118e0 .functor AND 1, L_0xbd953e148510, L_0xbd953e1587d0, C4<1>, C4<1>;
v0xbd953e13c2b0_0 .var "Filter_cnt", 1 0;
v0xbd953e13c390_0 .var "GapCnt", 5 0;
v0xbd953e13c470_0 .var "OversamplingCnt", 2 0;
v0xbd953e13c560_0 .net "OversamplingTick", 0 0, L_0xbd953e148510;  1 drivers
v0xbd953e13c630_0 .net "RxD", 0 0, v0xbd953e1436b0_0;  1 drivers
v0xbd953e13c720_0 .var "RxD_bit", 0 0;
v0xbd953e13c7e0_0 .var "RxD_data", 7 0;
v0xbd953e13c8c0_0 .var "RxD_data_ready", 0 0;
v0xbd953e13c980_0 .var "RxD_endofpacket", 0 0;
v0xbd953e13ca40_0 .net "RxD_idle", 0 0, L_0xbd953e158990;  1 drivers
v0xbd953e13cb00_0 .var "RxD_state", 3 0;
v0xbd953e13cbe0_0 .var "RxD_sync", 1 0;
v0xbd953e13ccc0_0 .net *"_ivl_2", 31 0, L_0xbd953e1485e0;  1 drivers
L_0xe341d23e6060 .functor BUFT 1, C4<00000000000000000000000000000>, C4<0>, C4<0>, C4<0>;
v0xbd953e13cda0_0 .net *"_ivl_5", 28 0, L_0xe341d23e6060;  1 drivers
L_0xe341d23e60a8 .functor BUFT 1, C4<00000000000000000000000000000011>, C4<0>, C4<0>, C4<0>;
v0xbd953e13ce80_0 .net/2u *"_ivl_6", 31 0, L_0xe341d23e60a8;  1 drivers
v0xbd953e13cf60_0 .net *"_ivl_8", 0 0, L_0xbd953e1587d0;  1 drivers
v0xbd953e13d020_0 .net "clk", 0 0, v0xbd953e146b60_0;  alias, 1 drivers
v0xbd953e13d1d0_0 .net "sampleNow", 0 0, L_0xbd953e1118e0;  1 drivers
L_0xbd953e1485e0 .concat [ 3 29 0 0], v0xbd953e13c470_0, L_0xe341d23e6060;
L_0xbd953e1587d0 .cmp/eq 32, L_0xbd953e1485e0, L_0xe341d23e60a8;
L_0xbd953e158990 .part v0xbd953e13c390_0, 5, 1;
S_0xbd953e13b510 .scope function.vec4.u32, "log2" "log2" 4 131, 4 131 0, S_0xbd953e13b070;
 .timescale -9 -12;
; Variable log2 is vec4 return value of scope S_0xbd953e13b510
v0xbd953e13b810_0 .var/i "v", 31 0;
TD_tb_saveram.dut.uart_receiver.log2 ;
    %pushi/vec4 0, 0, 32;
    %ret/vec4 0, 0, 32;  Assign to log2 (store_vec4_to_lval)
T_4.4 ;
    %load/vec4 v0xbd953e13b810_0;
    %retload/vec4 0; Load log2 (draw_signal_vec4)
    %ix/vec4 4;
    %shiftr 4;
    %or/r;
    %flag_set/vec4 8;
    %jmp/0xz T_4.5, 8;
    %retload/vec4 0; Load log2 (draw_signal_vec4)
    %addi 1, 0, 32;
    %ret/vec4 0, 0, 32;  Assign to log2 (store_vec4_to_lval)
    %jmp T_4.4;
T_4.5 ;
    %end;
S_0xbd953e13b8f0 .scope module, "tickgen" "BaudTickGen" 4 108, 4 184 0, S_0xbd953e13b070;
 .timescale -9 -12;
    .port_info 0 /INPUT 1 "clk";
    .port_info 1 /INPUT 1 "enable";
    .port_info 2 /OUTPUT 1 "tick";
P_0xbd953e13baf0 .param/l "AccWidth" 1 4 192, +C4<00000000000000000000000000010011>;
P_0xbd953e13bb30 .param/l "Baud" 0 4 189, +C4<00000000000111101000010010000000>;
P_0xbd953e13bb70 .param/l "ClkFrequency" 0 4 188, +C4<00000001010001111101000111100000>;
P_0xbd953e13bbb0 .param/l "Inc" 1 4 197, +C4<000000000000000000000000000000000000000000000000000000000000000000000000000000000000000000000000000000000000001011111010100111010>;
P_0xbd953e13bbf0 .param/l "Oversampling" 0 4 190, +C4<00000000000000000000000000001000>;
v0xbd953e13bee0_0 .var "Acc", 19 0;
v0xbd953e13bfe0_0 .net "clk", 0 0, v0xbd953e146b60_0;  alias, 1 drivers
L_0xe341d23e6018 .functor BUFT 1, C4<1>, C4<0>, C4<0>, C4<0>;
v0xbd953e13c0f0_0 .net "enable", 0 0, L_0xe341d23e6018;  1 drivers
v0xbd953e13c190_0 .net "tick", 0 0, L_0xbd953e148510;  alias, 1 drivers
L_0xbd953e148510 .part v0xbd953e13bee0_0, 19, 1;
S_0xbd953e13d350 .scope module, "uart_transmitter" "async_transmitter" 5 131, 4 13 0, S_0xbd953e1391c0;
 .timescale -9 -12;
    .port_info 0 /INPUT 1 "clk";
    .port_info 1 /INPUT 1 "TxD_start";
    .port_info 2 /INPUT 8 "TxD_data";
    .port_info 3 /OUTPUT 1 "TxD";
    .port_info 4 /OUTPUT 1 "TxD_busy";
P_0xbd953e112c30 .param/l "Baud" 0 4 25, +C4<00000000000111101000010010000000>;
P_0xbd953e112c70 .param/l "ClkFrequency" 0 4 24, +C4<00000001010001111101000111100000>;
L_0xbd953e111dc0 .functor NOT 1, L_0xbd953e158cf0, C4<0>, C4<0>, C4<0>;
L_0xbd953e112830 .functor AND 1, L_0xbd953e159130, L_0xbd953e1591d0, C4<1>, C4<1>;
L_0xbd953e113230 .functor OR 1, L_0xbd953e158fc0, L_0xbd953e112830, C4<0>, C4<0>;
v0xbd953e13e0c0_0 .net "BitTick", 0 0, L_0xbd953e158a30;  1 drivers
v0xbd953e13e190_0 .net "TxD", 0 0, L_0xbd953e113230;  alias, 1 drivers
v0xbd953e13e260_0 .net "TxD_busy", 0 0, L_0xbd953e111dc0;  alias, 1 drivers
v0xbd953e13e360_0 .net "TxD_data", 7 0, v0xbd953e143320_0;  1 drivers
v0xbd953e13e400_0 .net "TxD_ready", 0 0, L_0xbd953e158cf0;  1 drivers
v0xbd953e13e4a0_0 .var "TxD_shift", 7 0;
v0xbd953e13e560_0 .net "TxD_start", 0 0, v0xbd953e143480_0;  1 drivers
v0xbd953e13e620_0 .var "TxD_state", 3 0;
v0xbd953e13e700_0 .net *"_ivl_0", 31 0, L_0xbd953e158b20;  1 drivers
v0xbd953e13e870_0 .net *"_ivl_10", 31 0, L_0xbd953e158e80;  1 drivers
L_0xe341d23e6180 .functor BUFT 1, C4<0000000000000000000000000000>, C4<0>, C4<0>, C4<0>;
v0xbd953e13e950_0 .net *"_ivl_13", 27 0, L_0xe341d23e6180;  1 drivers
L_0xe341d23e61c8 .functor BUFT 1, C4<00000000000000000000000000000100>, C4<0>, C4<0>, C4<0>;
v0xbd953e13ea30_0 .net/2u *"_ivl_14", 31 0, L_0xe341d23e61c8;  1 drivers
v0xbd953e13eb10_0 .net *"_ivl_16", 0 0, L_0xbd953e158fc0;  1 drivers
v0xbd953e13ebd0_0 .net *"_ivl_19", 0 0, L_0xbd953e159130;  1 drivers
v0xbd953e13ecb0_0 .net *"_ivl_21", 0 0, L_0xbd953e1591d0;  1 drivers
v0xbd953e13ed90_0 .net *"_ivl_22", 0 0, L_0xbd953e112830;  1 drivers
L_0xe341d23e60f0 .functor BUFT 1, C4<0000000000000000000000000000>, C4<0>, C4<0>, C4<0>;
v0xbd953e13ee70_0 .net *"_ivl_3", 27 0, L_0xe341d23e60f0;  1 drivers
L_0xe341d23e6138 .functor BUFT 1, C4<00000000000000000000000000000000>, C4<0>, C4<0>, C4<0>;
v0xbd953e13f060_0 .net/2u *"_ivl_4", 31 0, L_0xe341d23e6138;  1 drivers
v0xbd953e13f140_0 .net "clk", 0 0, v0xbd953e146b60_0;  alias, 1 drivers
L_0xbd953e158b20 .concat [ 4 28 0 0], v0xbd953e13e620_0, L_0xe341d23e60f0;
L_0xbd953e158cf0 .cmp/eq 32, L_0xbd953e158b20, L_0xe341d23e6138;
L_0xbd953e158e80 .concat [ 4 28 0 0], v0xbd953e13e620_0, L_0xe341d23e6180;
L_0xbd953e158fc0 .cmp/gt 32, L_0xe341d23e61c8, L_0xbd953e158e80;
L_0xbd953e159130 .part v0xbd953e13e620_0, 3, 1;
L_0xbd953e1591d0 .part v0xbd953e13e4a0_0, 0, 1;
S_0xbd953e13d690 .scope module, "tickgen" "BaudTickGen" 4 36, 4 184 0, S_0xbd953e13d350;
 .timescale -9 -12;
    .port_info 0 /INPUT 1 "clk";
    .port_info 1 /INPUT 1 "enable";
    .port_info 2 /OUTPUT 1 "tick";
P_0xbd953e13d870 .param/l "AccWidth" 1 4 192, +C4<00000000000000000000000000010011>;
P_0xbd953e13d8b0 .param/l "Baud" 0 4 189, +C4<00000000000111101000010010000000>;
P_0xbd953e13d8f0 .param/l "ClkFrequency" 0 4 188, +C4<00000001010001111101000111100000>;
P_0xbd953e13d930 .param/l "Inc" 1 4 197, +C4<000000000000000000000000000000000000000000000000000000000000000000000000000000000000000000000000000000000000000001011111010100111>;
P_0xbd953e13d970 .param/l "Oversampling" 0 4 190, +C4<00000000000000000000000000000001>;
v0xbd953e13dd10_0 .var "Acc", 19 0;
v0xbd953e13de10_0 .net "clk", 0 0, v0xbd953e146b60_0;  alias, 1 drivers
v0xbd953e13ded0_0 .net "enable", 0 0, L_0xbd953e111dc0;  alias, 1 drivers
v0xbd953e13dfa0_0 .net "tick", 0 0, L_0xbd953e158a30;  alias, 1 drivers
L_0xbd953e158a30 .part v0xbd953e13dd10_0, 19, 1;
S_0xbd953e143f10 .scope task, "expect_byte" "expect_byte" 3 162, 3 162 0, S_0xbd953e0ecbc0;
 .timescale -9 -12;
v0xbd953e1440f0_0 .var "b", 7 0;
v0xbd953e1441f0_0 .var "e", 7 0;
TD_tb_saveram.expect_byte ;
    %load/vec4 v0xbd953e1477b0_0;
    %addi 1, 0, 32;
    %store/vec4 v0xbd953e146610_0, 0, 32;
    %fork TD_tb_saveram.wait_for, S_0xbd953e146330;
    %join;
    %ix/getv/s 4, v0xbd953e1477b0_0;
    %load/vec4a v0xbd953e1469d0, 4;
    %store/vec4 v0xbd953e1440f0_0, 0, 8;
    %load/vec4 v0xbd953e1477b0_0;
    %addi 1, 0, 32;
    %store/vec4 v0xbd953e1477b0_0, 0, 32;
    %load/vec4 v0xbd953e1440f0_0;
    %load/vec4 v0xbd953e1441f0_0;
    %cmp/ne;
    %jmp/0xz  T_5.6, 6;
    %load/vec4 v0xbd953e147020_0;
    %addi 1, 0, 32;
    %store/vec4 v0xbd953e147020_0, 0, 32;
    %load/vec4 v0xbd953e1477b0_0;
    %subi 1, 0, 32;
    %vpi_call/w 3 169 "$display", "FAIL: byte %0d = %02x, expected %02x", S<0,vec4,s32>, v0xbd953e1440f0_0, v0xbd953e1441f0_0 {1 0 0};
T_5.6 ;
    %end;
S_0xbd953e1442d0 .scope task, "expect_core_id" "expect_core_id" 3 181, 3 181 0, S_0xbd953e0ecbc0;
 .timescale -9 -12;
TD_tb_saveram.expect_core_id ;
    %pushi/vec4 170, 0, 8;
    %store/vec4 v0xbd953e1441f0_0, 0, 8;
    %fork TD_tb_saveram.expect_byte, S_0xbd953e143f10;
    %join;
    %pushi/vec4 0, 0, 8;
    %store/vec4 v0xbd953e1441f0_0, 0, 8;
    %fork TD_tb_saveram.expect_byte, S_0xbd953e143f10;
    %join;
    %pushi/vec4 2, 0, 8;
    %store/vec4 v0xbd953e1441f0_0, 0, 8;
    %fork TD_tb_saveram.expect_byte, S_0xbd953e143f10;
    %join;
    %pushi/vec4 1, 0, 8;
    %store/vec4 v0xbd953e1441f0_0, 0, 8;
    %fork TD_tb_saveram.expect_byte, S_0xbd953e143f10;
    %join;
    %pushi/vec4 2, 0, 8;
    %store/vec4 v0xbd953e1441f0_0, 0, 8;
    %fork TD_tb_saveram.expect_byte, S_0xbd953e143f10;
    %join;
    %end;
S_0xbd953e1444b0 .scope task, "expect_dirty" "expect_dirty" 3 174, 3 174 0, S_0xbd953e0ecbc0;
 .timescale -9 -12;
TD_tb_saveram.expect_dirty ;
    %pushi/vec4 170, 0, 8;
    %store/vec4 v0xbd953e1441f0_0, 0, 8;
    %fork TD_tb_saveram.expect_byte, S_0xbd953e143f10;
    %join;
    %pushi/vec4 0, 0, 8;
    %store/vec4 v0xbd953e1441f0_0, 0, 8;
    %fork TD_tb_saveram.expect_byte, S_0xbd953e143f10;
    %join;
    %pushi/vec4 2, 0, 8;
    %store/vec4 v0xbd953e1441f0_0, 0, 8;
    %fork TD_tb_saveram.expect_byte, S_0xbd953e143f10;
    %join;
    %pushi/vec4 11, 0, 8;
    %store/vec4 v0xbd953e1441f0_0, 0, 8;
    %fork TD_tb_saveram.expect_byte, S_0xbd953e143f10;
    %join;
    %pushi/vec4 0, 0, 8;
    %store/vec4 v0xbd953e1441f0_0, 0, 8;
    %fork TD_tb_saveram.expect_byte, S_0xbd953e143f10;
    %join;
    %end;
S_0xbd953e144690 .scope task, "expect_dump" "expect_dump" 3 201, 3 201 0, S_0xbd953e0ecbc0;
 .timescale -9 -12;
v0xbd953e144870_0 .var "blk", 15 0;
v0xbd953e144970_0 .var/i "k", 31 0;
v0xbd953e144a50_0 .var "seed", 7 0;
TD_tb_saveram.expect_dump ;
    %load/vec4 v0xbd953e144870_0;
    %store/vec4 v0xbd953e145600_0, 0, 16;
    %fork TD_tb_saveram.request_dump, S_0xbd953e145420;
    %join;
    %load/vec4 v0xbd953e144870_0;
    %store/vec4 v0xbd953e1390c0_0, 0, 16;
    %fork TD_tb_saveram.dump_header, S_0xbd953e138ee0;
    %join;
    %pushi/vec4 0, 0, 32;
    %store/vec4 v0xbd953e144970_0, 0, 32;
T_8.8 ;
    %load/vec4 v0xbd953e144970_0;
    %cmpi/s 512, 0, 32;
    %jmp/0xz T_8.9, 5;
    %load/vec4 v0xbd953e144a50_0;
    %load/vec4 v0xbd953e144970_0;
    %store/vec4 v0xbd953e145150_0, 0, 32;
    %store/vec4 v0xbd953e145330_0, 0, 8;
    %callf/vec4 TD_tb_saveram.pat, S_0xbd953e144f70;
    %store/vec4 v0xbd953e1441f0_0, 0, 8;
    %fork TD_tb_saveram.expect_byte, S_0xbd953e143f10;
    %join;
    %load/vec4 v0xbd953e144970_0;
    %addi 1, 0, 32;
    %store/vec4 v0xbd953e144970_0, 0, 32;
    %jmp T_8.8;
T_8.9 ;
    %end;
S_0xbd953e144b10 .scope task, "expect_no_traffic" "expect_no_traffic" 3 289, 3 289 0, S_0xbd953e0ecbc0;
 .timescale -9 -12;
v0xbd953e144ca0_0 .var/i "base", 31 0;
v0xbd953e144da0_0 .var/i "cycles", 31 0;
v0xbd953e144e80_0 .var/i "t", 31 0;
TD_tb_saveram.expect_no_traffic ;
    %load/vec4 v0xbd953e147380_0;
    %store/vec4 v0xbd953e144ca0_0, 0, 32;
    %pushi/vec4 0, 0, 32;
    %store/vec4 v0xbd953e144e80_0, 0, 32;
T_9.10 ;
    %load/vec4 v0xbd953e147380_0;
    %load/vec4 v0xbd953e144ca0_0;
    %cmp/e;
    %flag_get/vec4 4;
    %jmp/0 T_9.12, 4;
    %load/vec4 v0xbd953e144e80_0;
    %load/vec4 v0xbd953e144da0_0;
    %cmp/s;
    %flag_get/vec4 5;
    %and;
T_9.12;
    %flag_set/vec4 8;
    %jmp/0xz T_9.11, 8;
    %wait E_0xbd953e0b9660;
    %load/vec4 v0xbd953e144e80_0;
    %addi 1, 0, 32;
    %store/vec4 v0xbd953e144e80_0, 0, 32;
    %jmp T_9.10;
T_9.11 ;
    %load/vec4 v0xbd953e147380_0;
    %load/vec4 v0xbd953e144ca0_0;
    %cmp/ne;
    %jmp/0xz  T_9.13, 4;
    %load/vec4 v0xbd953e147020_0;
    %addi 1, 0, 32;
    %store/vec4 v0xbd953e147020_0, 0, 32;
    %vpi_call/w 3 296 "$display", "FAIL: unexpected byte %02x (byte %0d) on uart_tx", &A<v0xbd953e1469d0, v0xbd953e144ca0_0 >, v0xbd953e144ca0_0 {0 0 0};
T_9.13 ;
    %end;
S_0xbd953e144f70 .scope function.vec4.s8, "pat" "pat" 3 103, 3 103 0, S_0xbd953e0ecbc0;
 .timescale -9 -12;
v0xbd953e145150_0 .var/i "i", 31 0;
; Variable pat is vec4 return value of scope S_0xbd953e144f70
v0xbd953e145330_0 .var "seed", 7 0;
TD_tb_saveram.pat ;
    %load/vec4 v0xbd953e145330_0;
    %load/vec4 v0xbd953e145150_0;
    %parti/s 8, 0, 2;
    %add;
    %ret/vec4 0, 0, 8;  Assign to pat (store_vec4_to_lval)
    %end;
S_0xbd953e145420 .scope task, "request_dump" "request_dump" 3 195, 3 195 0, S_0xbd953e0ecbc0;
 .timescale -9 -12;
v0xbd953e145600_0 .var "blk", 15 0;
TD_tb_saveram.request_dump ;
    %pushi/vec4 3, 0, 16;
    %store/vec4 v0xbd953e145e90_0, 0, 16;
    %pushi/vec4 18, 0, 8;
    %store/vec4 v0xbd953e145d90_0, 0, 8;
    %fork TD_tb_saveram.send_hdr, S_0xbd953e145bb0;
    %join;
    %load/vec4 v0xbd953e145600_0;
    %parti/s 8, 8, 5;
    %store/vec4 v0xbd953e146150_0, 0, 8;
    %fork TD_tb_saveram.tx_byte, S_0xbd953e145f70;
    %join;
    %load/vec4 v0xbd953e145600_0;
    %parti/s 8, 0, 2;
    %store/vec4 v0xbd953e146150_0, 0, 8;
    %fork TD_tb_saveram.tx_byte, S_0xbd953e145f70;
    %join;
    %end;
S_0xbd953e145700 .scope task, "restore" "restore" 3 123, 3 123 0, S_0xbd953e0ecbc0;
 .timescale -9 -12;
v0xbd953e1458e0_0 .var "blk", 15 0;
v0xbd953e1459e0_0 .var/i "k", 31 0;
v0xbd953e145ac0_0 .var "seed", 7 0;
TD_tb_saveram.restore ;
    %pushi/vec4 515, 0, 16;
    %store/vec4 v0xbd953e145e90_0, 0, 16;
    %pushi/vec4 17, 0, 8;
    %store/vec4 v0xbd953e145d90_0, 0, 8;
    %fork TD_tb_saveram.send_hdr, S_0xbd953e145bb0;
    %join;
    %load/vec4 v0xbd953e1458e0_0;
    %parti/s 8, 8, 5;
    %store/vec4 v0xbd953e146150_0, 0, 8;
    %fork TD_tb_saveram.tx_byte, S_0xbd953e145f70;
    %join;
    %load/vec4 v0xbd953e1458e0_0;
    %parti/s 8, 0, 2;
    %store/vec4 v0xbd953e146150_0, 0, 8;
    %fork TD_tb_saveram.tx_byte, S_0xbd953e145f70;
    %join;
    %pushi/vec4 0, 0, 32;
    %store/vec4 v0xbd953e1459e0_0, 0, 32;
T_12.15 ;
    %load/vec4 v0xbd953e1459e0_0;
    %cmpi/s 512, 0, 32;
    %jmp/0xz T_12.16, 5;
    %load/vec4 v0xbd953e145ac0_0;
    %load/vec4 v0xbd953e1459e0_0;
    %store/vec4 v0xbd953e145150_0, 0, 32;
    %store/vec4 v0xbd953e145330_0, 0, 8;
    %callf/vec4 TD_tb_saveram.pat, S_0xbd953e144f70;
    %store/vec4 v0xbd953e146150_0, 0, 8;
    %fork TD_tb_saveram.tx_byte, S_0xbd953e145f70;
    %join;
    %load/vec4 v0xbd953e1459e0_0;
    %addi 1, 0, 32;
    %store/vec4 v0xbd953e1459e0_0, 0, 32;
    %jmp T_12.15;
T_12.16 ;
    %end;
S_0xbd953e145bb0 .scope task, "send_hdr" "send_hdr" 3 117, 3 117 0, S_0xbd953e0ecbc0;
 .timescale -9 -12;
v0xbd953e145d90_0 .var "cmd", 7 0;
v0xbd953e145e90_0 .var "len", 15 0;
TD_tb_saveram.send_hdr ;
    %pushi/vec4 170, 0, 8;
    %store/vec4 v0xbd953e146150_0, 0, 8;
    %fork TD_tb_saveram.tx_byte, S_0xbd953e145f70;
    %join;
    %load/vec4 v0xbd953e145e90_0;
    %parti/s 8, 8, 5;
    %store/vec4 v0xbd953e146150_0, 0, 8;
    %fork TD_tb_saveram.tx_byte, S_0xbd953e145f70;
    %join;
    %load/vec4 v0xbd953e145e90_0;
    %parti/s 8, 0, 2;
    %store/vec4 v0xbd953e146150_0, 0, 8;
    %fork TD_tb_saveram.tx_byte, S_0xbd953e145f70;
    %join;
    %load/vec4 v0xbd953e145d90_0;
    %store/vec4 v0xbd953e146150_0, 0, 8;
    %fork TD_tb_saveram.tx_byte, S_0xbd953e145f70;
    %join;
    %end;
S_0xbd953e145f70 .scope task, "tx_byte" "tx_byte" 3 108, 3 108 0, S_0xbd953e0ecbc0;
 .timescale -9 -12;
v0xbd953e146150_0 .var "b", 7 0;
v0xbd953e146250_0 .var/i "k", 31 0;
TD_tb_saveram.tx_byte ;
    %pushi/vec4 0, 0, 1;
    %store/vec4 v0xbd953e1482e0_0, 0, 1;
    %delay 500000, 0;
    %pushi/vec4 0, 0, 32;
    %store/vec4 v0xbd953e146250_0, 0, 32;
T_14.17 ;
    %load/vec4 v0xbd953e146250_0;
    %cmpi/s 8, 0, 32;
    %jmp/0xz T_14.18, 5;
    %load/vec4 v0xbd953e146150_0;
    %load/vec4 v0xbd953e146250_0;
    %part/s 1;
    %store/vec4 v0xbd953e1482e0_0, 0, 1;
    %delay 500000, 0;
    %load/vec4 v0xbd953e146250_0;
    %addi 1, 0, 32;
    %store/vec4 v0xbd953e146250_0, 0, 32;
    %jmp T_14.17;
T_14.18 ;
    %pushi/vec4 1, 0, 1;
    %store/vec4 v0xbd953e1482e0_0, 0, 1;
    %delay 500000, 0;
    %end;
S_0xbd953e146330 .scope task, "wait_for" "wait_for" 3 149, 3 149 0, S_0xbd953e0ecbc0;
 .timescale -9 -12;
v0xbd953e146510_0 .var/i "t", 31 0;
v0xbd953e146610_0 .var/i "want", 31 0;
TD_tb_saveram.wait_for ;
    %pushi/vec4 0, 0, 32;
    %store/vec4 v0xbd953e146510_0, 0, 32;
T_15.19 ;
    %load/vec4 v0xbd953e147380_0;
    %load/vec4 v0xbd953e146610_0;
    %cmp/s;
    %flag_get/vec4 5;
    %jmp/0 T_15.21, 5;
    %load/vec4 v0xbd953e146510_0;
    %cmpi/s 4000000, 0, 32;
    %flag_get/vec4 5;
    %and;
T_15.21;
    %flag_set/vec4 8;
    %jmp/0xz T_15.20, 8;
    %wait E_0xbd953e0b9660;
    %load/vec4 v0xbd953e146510_0;
    %addi 1, 0, 32;
    %store/vec4 v0xbd953e146510_0, 0, 32;
    %jmp T_15.19;
T_15.20 ;
    %load/vec4 v0xbd953e147380_0;
    %load/vec4 v0xbd953e146610_0;
    %cmp/s;
    %jmp/0xz  T_15.22, 5;
    %load/vec4 v0xbd953e147020_0;
    %addi 1, 0, 32;
    %store/vec4 v0xbd953e147020_0, 0, 32;
    %vpi_call/w 3 156 "$display", "FAIL: timeout waiting for byte %0d (have %0d)", v0xbd953e146610_0, v0xbd953e147380_0 {0 0 0};
    %vpi_call/w 3 157 "$finish" {0 0 0};
T_15.22 ;
    %end;
    .scope S_0xbd953e13b8f0;
T_16 ;
    %pushi/vec4 0, 0, 20;
    %store/vec4 v0xbd953e13bee0_0, 0, 20;
    %end;
    .thread T_16, $init;
    .scope S_0xbd953e13b8f0;
T_17 ;
    %wait E_0xbd953e0b9660;
    %load/vec4 v0xbd953e13c0f0_0;
    %flag_set/vec4 8;
    %jmp/0xz  T_17.0, 8;
    %load/vec4 v0xbd953e13bee0_0;
    %parti/s 19, 0, 2;
    %pad/u 20;
    %addi 390458, 0, 20;
    %assign/vec4 v0xbd953e13bee0_0, 0;
    %jmp T_17.1;
T_17.0 ;
    %pushi/vec4 390458, 0, 20;
    %assign/vec4 v0xbd953e13bee0_0, 0;
T_17.1 ;
    %jmp T_17;
    .thread T_17;
    .scope S_0xbd953e13b070;
T_18 ;
    %pushi/vec4 0, 0, 1;
    %store/vec4 v0xbd953e13c8c0_0, 0, 1;
    %pushi/vec4 0, 0, 8;
    %store/vec4 v0xbd953e13c7e0_0, 0, 8;
    %pushi/vec4 0, 0, 1;
    %store/vec4 v0xbd953e13c980_0, 0, 1;
    %pushi/vec4 0, 0, 4;
    %store/vec4 v0xbd953e13cb00_0, 0, 4;
    %pushi/vec4 3, 0, 2;
    %store/vec4 v0xbd953e13cbe0_0, 0, 2;
    %pushi/vec4 3, 0, 2;
    %store/vec4 v0xbd953e13c2b0_0, 0, 2;
    %pushi/vec4 1, 0, 1;
    %store/vec4 v0xbd953e13c720_0, 0, 1;
    %pushi/vec4 0, 0, 3;
    %store/vec4 v0xbd953e13c470_0, 0, 3;
    %pushi/vec4 0, 0, 6;
    %store/vec4 v0xbd953e13c390_0, 0, 6;
    %end;
    .thread T_18, $init;
    .scope S_0xbd953e13b070;
T_19 ;
    %wait E_0xbd953e0b9660;
    %load/vec4 v0xbd953e13c560_0;
    %flag_set/vec4 8;
    %jmp/0xz  T_19.0, 8;
    %load/vec4 v0xbd953e13cbe0_0;
    %parti/s 1, 0, 2;
    %load/vec4 v0xbd953e13c630_0;
    %concat/vec4; draw_concat_vec4
    %assign/vec4 v0xbd953e13cbe0_0, 0;
T_19.0 ;
    %jmp T_19;
    .thread T_19;
    .scope S_0xbd953e13b070;
T_20 ;
    %wait E_0xbd953e0b9660;
    %load/vec4 v0xbd953e13c560_0;
    %flag_set/vec4 8;
    %jmp/0xz  T_20.0, 8;
    %load/vec4 v0xbd953e13cbe0_0;
    %parti/s 1, 1, 2;
    %cmpi/e 1, 0, 1;
    %flag_get/vec4 4;
    %jmp/0 T_20.4, 4;
    %load/vec4 v0xbd953e13c2b0_0;
    %pushi/vec4 3, 0, 2;
    %cmp/ne;
    %flag_get/vec4 4;
    %and;
T_20.4;
    %flag_set/vec4 8;
    %jmp/0xz  T_20.2, 8;
    %load/vec4 v0xbd953e13c2b0_0;
    %addi 1, 0, 2;
    %assign/vec4 v0xbd953e13c2b0_0, 0;
    %jmp T_20.3;
T_20.2 ;
    %load/vec4 v0xbd953e13cbe0_0;
    %parti/s 1, 1, 2;
    %cmpi/e 0, 0, 1;
    %flag_get/vec4 4;
    %jmp/0 T_20.7, 4;
    %load/vec4 v0xbd953e13c2b0_0;
    %pushi/vec4 0, 0, 2;
    %cmp/ne;
    %flag_get/vec4 4;
    %and;
T_20.7;
    %flag_set/vec4 8;
    %jmp/0xz  T_20.5, 8;
    %load/vec4 v0xbd953e13c2b0_0;
    %subi 1, 0, 2;
    %assign/vec4 v0xbd953e13c2b0_0, 0;
T_20.5 ;
T_20.3 ;
    %load/vec4 v0xbd953e13c2b0_0;
    %cmpi/e 3, 0, 2;
    %jmp/0xz  T_20.8, 4;
    %pushi/vec4 1, 0, 1;
    %assign/vec4 v0xbd953e13c720_0, 0;
    %jmp T_20.9;
T_20.8 ;
    %load/vec4 v0xbd953e13c2b0_0;
    %cmpi/e 0, 0, 2;
    %jmp/0xz  T_20.10, 4;
    %pushi/vec4 0, 0, 1;
    %assign/vec4 v0xbd953e13c720_0, 0;
T_20.10 ;
T_20.9 ;
T_20.0 ;
    %jmp T_20;
    .thread T_20;
    .scope S_0xbd953e13b070;
T_21 ;
    %wait E_0xbd953e0b9660;
    %load/vec4 v0xbd953e13c560_0;
    %flag_set/vec4 8;
    %jmp/0xz  T_21.0, 8;
    %load/vec4 v0xbd953e13cb00_0;
    %pad/u 32;
    %cmpi/e 0, 0, 32;
    %flag_mov 8, 4;
    %jmp/0 T_21.2, 8;
    %pushi/vec4 0, 0, 3;
    %jmp/1 T_21.3, 8;
T_21.2 ; End of true expr.
    %load/vec4 v0xbd953e13c470_0;
    %addi 1, 0, 3;
    %jmp/0 T_21.3, 8;
 ; End of false expr.
    %blend;
T_21.3;
    %assign/vec4 v0xbd953e13c470_0, 0;
T_21.0 ;
    %jmp T_21;
    .thread T_21;
    .scope S_0xbd953e13b070;
T_22 ;
    %wait E_0xbd953e0b9660;
    %load/vec4 v0xbd953e13cb00_0;
    %dup/vec4;
    %pushi/vec4 0, 0, 4;
    %cmp/u;
    %jmp/1 T_22.0, 6;
    %dup/vec4;
    %pushi/vec4 1, 0, 4;
    %cmp/u;
    %jmp/1 T_22.1, 6;
    %dup/vec4;
    %pushi/vec4 8, 0, 4;
    %cmp/u;
    %jmp/1 T_22.2, 6;
    %dup/vec4;
    %pushi/vec4 9, 0, 4;
    %cmp/u;
    %jmp/1 T_22.3, 6;
    %dup/vec4;
    %pushi/vec4 10, 0, 4;
    %cmp/u;
    %jmp/1 T_22.4, 6;
    %dup/vec4;
    %pushi/vec4 11, 0, 4;
    %cmp/u;
    %jmp/1 T_22.5, 6;
    %dup/vec4;
    %pushi/vec4 12, 0, 4;
    %cmp/u;
    %jmp/1 T_22.6, 6;
    %dup/vec4;
    %pushi/vec4 13, 0, 4;
    %cmp/u;
    %jmp/1 T_22.7, 6;
    %dup/vec4;
    %pushi/vec4 14, 0, 4;
    %cmp/u;
    %jmp/1 T_22.8, 6;
    %dup/vec4;
    %pushi/vec4 15, 0, 4;
    %cmp/u;
    %jmp/1 T_22.9, 6;
    %dup/vec4;
    %pushi/vec4 2, 0, 4;
    %cmp/u;
    %jmp/1 T_22.10, 6;
    %pushi/vec4 0, 0, 4;
    %assign/vec4 v0xbd953e13cb00_0, 0;
    %jmp T_22.12;
T_22.0 ;
    %load/vec4 v0xbd953e13c720_0;
    %inv;
    %flag_set/vec4 8;
    %jmp/0xz  T_22.13, 8;
    %pushi/vec4 1, 0, 4;
    %assign/vec4 v0xbd953e13cb00_0, 0;
T_22.13 ;
    %jmp T_22.12;
T_22.1 ;
    %load/vec4 v0xbd953e13d1d0_0;
    %flag_set/vec4 8;
    %jmp/0xz  T_22.15, 8;
    %pushi/vec4 8, 0, 4;
    %assign/vec4 v0xbd953e13cb00_0, 0;
T_22.15 ;
    %jmp T_22.12;
T_22.2 ;
    %load/vec4 v0xbd953e13d1d0_0;
    %flag_set/vec4 8;
    %jmp/0xz  T_22.17, 8;
    %pushi/vec4 9, 0, 4;
    %assign/vec4 v0xbd953e13cb00_0, 0;
T_22.17 ;
    %jmp T_22.12;
T_22.3 ;
    %load/vec4 v0xbd953e13d1d0_0;
    %flag_set/vec4 8;
    %jmp/0xz  T_22.19, 8;
    %pushi/vec4 10, 0, 4;
    %assign/vec4 v0xbd953e13cb00_0, 0;
T_22.19 ;
    %jmp T_22.12;
T_22.4 ;
    %load/vec4 v0xbd953e13d1d0_0;
    %flag_set/vec4 8;
    %jmp/0xz  T_22.21, 8;
    %pushi/vec4 11, 0, 4;
    %assign/vec4 v0xbd953e13cb00_0, 0;
T_22.21 ;
    %jmp T_22.12;
T_22.5 ;
    %load/vec4 v0xbd953e13d1d0_0;
    %flag_set/vec4 8;
    %jmp/0xz  T_22.23, 8;
    %pushi/vec4 12, 0, 4;
    %assign/vec4 v0xbd953e13cb00_0, 0;
T_22.23 ;
    %jmp T_22.12;
T_22.6 ;
    %load/vec4 v0xbd953e13d1d0_0;
    %flag_set/vec4 8;
    %jmp/0xz  T_22.25, 8;
    %pushi/vec4 13, 0, 4;
    %assign/vec4 v0xbd953e13cb00_0, 0;
T_22.25 ;
    %jmp T_22.12;
T_22.7 ;
    %load/vec4 v0xbd953e13d1d0_0;
    %flag_set/vec4 8;
    %jmp/0xz  T_22.27, 8;
    %pushi/vec4 14, 0, 4;
    %assign/vec4 v0xbd953e13cb00_0, 0;
T_22.27 ;
    %jmp T_22.12;
T_22.8 ;
    %load/vec4 v0xbd953e13d1d0_0;
    %flag_set/vec4 8;
    %jmp/0xz  T_22.29, 8;
    %pushi/vec4 15, 0, 4;
    %assign/vec4 v0xbd953e13cb00_0, 0;
T_22.29 ;
    %jmp T_22.12;
T_22.9 ;
    %load/vec4 v0xbd953e13d1d0_0;
    %flag_set/vec4 8;
    %jmp/0xz  T_22.31, 8;
    %pushi/vec4 2, 0, 4;
    %assign/vec4 v0xbd953e13cb00_0, 0;
T_22.31 ;
    %jmp T_22.12;
T_22.10 ;
    %load/vec4 v0xbd953e13d1d0_0;
    %flag_set/vec4 8;
    %jmp/0xz  T_22.33, 8;
    %pushi/vec4 0, 0, 4;
    %assign/vec4 v0xbd953e13cb00_0, 0;
T_22.33 ;
    %jmp T_22.12;
T_22.12 ;
    %pop/vec4 1;
    %jmp T_22;
    .thread T_22;
    .scope S_0xbd953e13b070;
T_23 ;
    %wait E_0xbd953e0b9660;
    %load/vec4 v0xbd953e13d1d0_0;
    %flag_set/vec4 9;
    %flag_get/vec4 9;
    %jmp/0 T_23.2, 9;
    %load/vec4 v0xbd953e13cb00_0;
    %parti/s 1, 3, 3;
    %and;
T_23.2;
    %flag_set/vec4 8;
    %jmp/0xz  T_23.0, 8;
    %load/vec4 v0xbd953e13c720_0;
    %load/vec4 v0xbd953e13c7e0_0;
    %parti/s 7, 1, 2;
    %concat/vec4; draw_concat_vec4
    %assign/vec4 v0xbd953e13c7e0_0, 0;
T_23.0 ;
    %jmp T_23;
    .thread T_23;
    .scope S_0xbd953e13b070;
T_24 ;
    %wait E_0xbd953e0b9660;
    %load/vec4 v0xbd953e13d1d0_0;
    %flag_set/vec4 9;
    %flag_get/vec4 9;
    %jmp/0 T_24.1, 9;
    %load/vec4 v0xbd953e13cb00_0;
    %pushi/vec4 2, 0, 4;
    %cmp/e;
    %flag_get/vec4 4;
    %and;
T_24.1;
    %flag_set/vec4 8;
    %flag_get/vec4 8;
    %jmp/0 T_24.0, 8;
    %load/vec4 v0xbd953e13c720_0;
    %and;
T_24.0;
    %assign/vec4 v0xbd953e13c8c0_0, 0;
    %jmp T_24;
    .thread T_24;
    .scope S_0xbd953e13b070;
T_25 ;
    %wait E_0xbd953e0b9660;
    %load/vec4 v0xbd953e13cb00_0;
    %pad/u 32;
    %cmpi/ne 0, 0, 32;
    %jmp/0xz  T_25.0, 4;
    %pushi/vec4 0, 0, 6;
    %assign/vec4 v0xbd953e13c390_0, 0;
    %jmp T_25.1;
T_25.0 ;
    %load/vec4 v0xbd953e13c560_0;
    %load/vec4 v0xbd953e13c390_0;
    %pushi/vec4 8, 0, 32;
    %store/vec4 v0xbd953e13b810_0, 0, 32;
    %callf/vec4 TD_tb_saveram.dut.uart_receiver.log2, S_0xbd953e13b510;
    %addi 1, 0, 32;
    %part/s 1;
    %inv;
    %and;
    %flag_set/vec4 8;
    %jmp/0xz  T_25.2, 8;
    %load/vec4 v0xbd953e13c390_0;
    %addi 1, 0, 6;
    %assign/vec4 v0xbd953e13c390_0, 0;
T_25.2 ;
T_25.1 ;
    %jmp T_25;
    .thread T_25;
    .scope S_0xbd953e13b070;
T_26 ;
    %wait E_0xbd953e0b9660;
    %load/vec4 v0xbd953e13c560_0;
    %load/vec4 v0xbd953e13c390_0;
    %parti/s 1, 5, 4;
    %inv;
    %and;
    %load/vec4 v0xbd953e13c390_0;
    %parti/s 5, 0, 2;
    %and/r;
    %and;
    %assign/vec4 v0xbd953e13c980_0, 0;
    %jmp T_26;
    .thread T_26;
    .scope S_0xbd953e13d690;
T_27 ;
    %pushi/vec4 0, 0, 20;
    %store/vec4 v0xbd953e13dd10_0, 0, 20;
    %end;
    .thread T_27, $init;
    .scope S_0xbd953e13d690;
T_28 ;
    %wait E_0xbd953e0b9660;
    %load/vec4 v0xbd953e13ded0_0;
    %flag_set/vec4 8;
    %jmp/0xz  T_28.0, 8;
    %load/vec4 v0xbd953e13dd10_0;
    %parti/s 19, 0, 2;
    %pad/u 20;
    %addi 48807, 0, 20;
    %assign/vec4 v0xbd953e13dd10_0, 0;
    %jmp T_28.1;
T_28.0 ;
    %pushi/vec4 48807, 0, 20;
    %assign/vec4 v0xbd953e13dd10_0, 0;
T_28.1 ;
    %jmp T_28;
    .thread T_28;
    .scope S_0xbd953e13d350;
T_29 ;
    %pushi/vec4 0, 0, 4;
    %store/vec4 v0xbd953e13e620_0, 0, 4;
    %pushi/vec4 0, 0, 8;
    %store/vec4 v0xbd953e13e4a0_0, 0, 8;
    %end;
    .thread T_29, $init;
    .scope S_0xbd953e13d350;
T_30 ;
    %wait E_0xbd953e0b9660;
    %load/vec4 v0xbd953e13e400_0;
    %load/vec4 v0xbd953e13e560_0;
    %and;
    %flag_set/vec4 8;
    %jmp/0xz  T_30.0, 8;
    %load/vec4 v0xbd953e13e360_0;
    %assign/vec4 v0xbd953e13e4a0_0, 0;
    %jmp T_30.1;
T_30.0 ;
    %load/vec4 v0xbd953e13e620_0;
    %parti/s 1, 3, 3;
    %load/vec4 v0xbd953e13e0c0_0;
    %and;
    %flag_set/vec4 8;
    %jmp/0xz  T_30.2, 8;
    %load/vec4 v0xbd953e13e4a0_0;
    %ix/load 4, 1, 0;
    %flag_set/imm 4, 0;
    %shiftr 4;
    %assign/vec4 v0xbd953e13e4a0_0, 0;
T_30.2 ;
T_30.1 ;
    %load/vec4 v0xbd953e13e620_0;
    %dup/vec4;
    %pushi/vec4 0, 0, 4;
    %cmp/u;
    %jmp/1 T_30.4, 6;
    %dup/vec4;
    %pushi/vec4 4, 0, 4;
    %cmp/u;
    %jmp/1 T_30.5, 6;
    %dup/vec4;
    %pushi/vec4 8, 0, 4;
    %cmp/u;
    %jmp/1 T_30.6, 6;
    %dup/vec4;
    %pushi/vec4 9, 0, 4;
    %cmp/u;
    %jmp/1 T_30.7, 6;
    %dup/vec4;
    %pushi/vec4 10, 0, 4;
    %cmp/u;
    %jmp/1 T_30.8, 6;
    %dup/vec4;
    %pushi/vec4 11, 0, 4;
    %cmp/u;
    %jmp/1 T_30.9, 6;
    %dup/vec4;
    %pushi/vec4 12, 0, 4;
    %cmp/u;
    %jmp/1 T_30.10, 6;
    %dup/vec4;
    %pushi/vec4 13, 0, 4;
    %cmp/u;
    %jmp/1 T_30.11, 6;
    %dup/vec4;
    %pushi/vec4 14, 0, 4;
    %cmp/u;
    %jmp/1 T_30.12, 6;
    %dup/vec4;
    %pushi/vec4 15, 0, 4;
    %cmp/u;
    %jmp/1 T_30.13, 6;
    %dup/vec4;
    %pushi/vec4 2, 0, 4;
    %cmp/u;
    %jmp/1 T_30.14, 6;
    %dup/vec4;
    %pushi/vec4 3, 0, 4;
    %cmp/u;
    %jmp/1 T_30.15, 6;
    %load/vec4 v0xbd953e13e0c0_0;
    %flag_set/vec4 8;
    %jmp/0xz  T_30.18, 8;
    %pushi/vec4 0, 0, 4;
    %assign/vec4 v0xbd953e13e620_0, 0;
T_30.18 ;
    %jmp T_30.17;
T_30.4 ;
    %load/vec4 v0xbd953e13e560_0;
    %flag_set/vec4 8;
    %jmp/0xz  T_30.20, 8;
    %pushi/vec4 4, 0, 4;
    %assign/vec4 v0xbd953e13e620_0, 0;
T_30.20 ;
    %jmp T_30.17;
T_30.5 ;
    %load/vec4 v0xbd953e13e0c0_0;
    %flag_set/vec4 8;
    %jmp/0xz  T_30.22, 8;
    %pushi/vec4 8, 0, 4;
    %assign/vec4 v0xbd953e13e620_0, 0;
T_30.22 ;
    %jmp T_30.17;
T_30.6 ;
    %load/vec4 v0xbd953e13e0c0_0;
    %flag_set/vec4 8;
    %jmp/0xz  T_30.24, 8;
    %pushi/vec4 9, 0, 4;
    %assign/vec4 v0xbd953e13e620_0, 0;
T_30.24 ;
    %jmp T_30.17;
T_30.7 ;
    %load/vec4 v0xbd953e13e0c0_0;
    %flag_set/vec4 8;
    %jmp/0xz  T_30.26, 8;
    %pushi/vec4 10, 0, 4;
    %assign/vec4 v0xbd953e13e620_0, 0;
T_30.26 ;
    %jmp T_30.17;
T_30.8 ;
    %load/vec4 v0xbd953e13e0c0_0;
    %flag_set/vec4 8;
    %jmp/0xz  T_30.28, 8;
    %pushi/vec4 11, 0, 4;
    %assign/vec4 v0xbd953e13e620_0, 0;
T_30.28 ;
    %jmp T_30.17;
T_30.9 ;
    %load/vec4 v0xbd953e13e0c0_0;
    %flag_set/vec4 8;
    %jmp/0xz  T_30.30, 8;
    %pushi/vec4 12, 0, 4;
    %assign/vec4 v0xbd953e13e620_0, 0;
T_30.30 ;
    %jmp T_30.17;
T_30.10 ;
    %load/vec4 v0xbd953e13e0c0_0;
    %flag_set/vec4 8;
    %jmp/0xz  T_30.32, 8;
    %pushi/vec4 13, 0, 4;
    %assign/vec4 v0xbd953e13e620_0, 0;
T_30.32 ;
    %jmp T_30.17;
T_30.11 ;
    %load/vec4 v0xbd953e13e0c0_0;
    %flag_set/vec4 8;
    %jmp/0xz  T_30.34, 8;
    %pushi/vec4 14, 0, 4;
    %assign/vec4 v0xbd953e13e620_0, 0;
T_30.34 ;
    %jmp T_30.17;
T_30.12 ;
    %load/vec4 v0xbd953e13e0c0_0;
    %flag_set/vec4 8;
    %jmp/0xz  T_30.36, 8;
    %pushi/vec4 15, 0, 4;
    %assign/vec4 v0xbd953e13e620_0, 0;
T_30.36 ;
    %jmp T_30.17;
T_30.13 ;
    %load/vec4 v0xbd953e13e0c0_0;
    %flag_set/vec4 8;
    %jmp/0xz  T_30.38, 8;
    %pushi/vec4 2, 0, 4;
    %assign/vec4 v0xbd953e13e620_0, 0;
T_30.38 ;
    %jmp T_30.17;
T_30.14 ;
    %load/vec4 v0xbd953e13e0c0_0;
    %flag_set/vec4 8;
    %jmp/0xz  T_30.40, 8;
    %pushi/vec4 3, 0, 4;
    %assign/vec4 v0xbd953e13e620_0, 0;
T_30.40 ;
    %jmp T_30.17;
T_30.15 ;
    %load/vec4 v0xbd953e13e0c0_0;
    %flag_set/vec4 8;
    %jmp/0xz  T_30.42, 8;
    %pushi/vec4 0, 0, 4;
    %assign/vec4 v0xbd953e13e620_0, 0;
T_30.42 ;
    %jmp T_30.17;
T_30.17 ;
    %pop/vec4 1;
    %jmp T_30;
    .thread T_30;
    .scope S_0xbd953e1391c0;
T_31 ;
    %pushi/vec4 1, 0, 1;
    %store/vec4 v0xbd953e141190_0, 0, 1;
    %pushi/vec4 0, 0, 8;
    %store/vec4 v0xbd953e141b70_0, 0, 8;
    %pushi/vec4 1, 0, 1;
    %store/vec4 v0xbd953e1435f0_0, 0, 1;
    %pushi/vec4 1, 0, 1;
    %store/vec4 v0xbd953e1436b0_0, 0, 1;
    %pushi/vec4 1, 0, 8;
    %store/vec4 v0xbd953e141410_0, 0, 8;
    %pushi/vec4 0, 0, 1;
    %store/vec4 v0xbd953e142ac0_0, 0, 1;
    %pushi/vec4 0, 0, 1;
    %store/vec4 v0xbd953e142a00_0, 0, 1;
    %pushi/vec4 0, 0, 1;
    %store/vec4 v0xbd953e142460_0, 0, 1;
    %pushi/vec4 0, 0, 1;
    %store/vec4 v0xbd953e142600_0, 0, 1;
    %pushi/vec4 0, 0, 1;
    %store/vec4 v0xbd953e142d20_0, 0, 1;
    %end;
    .thread T_31, $init;
    .scope S_0xbd953e1391c0;
T_32 ;
    %wait E_0xbd953e0b9660;
    %load/vec4 v0xbd953e143550_0;
    %assign/vec4 v0xbd953e1435f0_0, 0;
    %load/vec4 v0xbd953e1435f0_0;
    %assign/vec4 v0xbd953e1436b0_0, 0;
    %jmp T_32;
    .thread T_32;
    .scope S_0xbd953e1391c0;
T_33 ;
    %wait E_0xbd953e0b9660;
    %load/vec4 v0xbd953e1414f0_0;
    %nor/r;
    %flag_set/vec4 8;
    %jmp/0xz  T_33.0, 8;
    %pushi/vec4 1, 0, 8;
    %assign/vec4 v0xbd953e141410_0, 0;
    %pushi/vec4 0, 0, 8;
    %assign/vec4 v0xbd953e13f440_0, 0;
    %pushi/vec4 0, 0, 32;
    %assign/vec4 v0xbd953e13f860_0, 0;
    %pushi/vec4 0, 0, 8;
    %assign/vec4 v0xbd953e141b70_0, 0;
    %pushi/vec4 0, 0, 24;
    %assign/vec4 v0xbd953e141c50_0, 0;
    %pushi/vec4 0, 0, 32;
    %assign/vec4 v0xbd953e13f4e0_0, 0;
    %pushi/vec4 0, 0, 16;
    %assign/vec4 v0xbd953e13f780_0, 0;
    %pushi/vec4 0, 0, 8;
    %assign/vec4 v0xbd953e143910_0, 0;
    %pushi/vec4 0, 0, 8;
    %assign/vec4 v0xbd953e1439f0_0, 0;
    %pushi/vec4 0, 0, 8;
    %assign/vec4 v0xbd953e13f280_0, 0;
    %pushi/vec4 0, 0, 1;
    %assign/vec4 v0xbd953e143870_0, 0;
    %pushi/vec4 0, 0, 8;
    %assign/vec4 v0xbd953e13f5c0_0, 0;
    %pushi/vec4 0, 0, 8;
    %assign/vec4 v0xbd953e13f6a0_0, 0;
    %pushi/vec4 0, 0, 1;
    %assign/vec4 v0xbd953e142b80_0, 0;
    %pushi/vec4 0, 0, 1;
    %assign/vec4 v0xbd953e142d20_0, 0;
    %pushi/vec4 0, 0, 1;
    %assign/vec4 v0xbd953e142ac0_0, 0;
    %pushi/vec4 0, 0, 16;
    %assign/vec4 v0xbd953e142c40_0, 0;
    %jmp T_33.1;
T_33.0 ;
    %pushi/vec4 0, 0, 1;
    %assign/vec4 v0xbd953e1419d0_0, 0;
    %pushi/vec4 0, 0, 1;
    %assign/vec4 v0xbd953e143870_0, 0;
    %pushi/vec4 0, 0, 1;
    %assign/vec4 v0xbd953e140e50_0, 0;
    %pushi/vec4 0, 0, 1;
    %assign/vec4 v0xbd953e13fa20_0, 0;
    %pushi/vec4 0, 0, 1;
    %assign/vec4 v0xbd953e140d90_0, 0;
    %pushi/vec4 0, 0, 1;
    %assign/vec4 v0xbd953e1406d0_0, 0;
    %load/vec4 v0xbd953e142b80_0;
    %assign/vec4 v0xbd953e142d20_0, 0;
    %load/vec4 v0xbd953e141410_0;
    %dup/vec4;
    %pushi/vec4 1, 0, 8;
    %cmp/u;
    %jmp/1 T_33.2, 6;
    %dup/vec4;
    %pushi/vec4 2, 0, 8;
    %cmp/u;
    %jmp/1 T_33.3, 6;
    %dup/vec4;
    %pushi/vec4 4, 0, 8;
    %cmp/u;
    %jmp/1 T_33.4, 6;
    %dup/vec4;
    %pushi/vec4 8, 0, 8;
    %cmp/u;
    %jmp/1 T_33.5, 6;
    %dup/vec4;
    %pushi/vec4 16, 0, 8;
    %cmp/u;
    %jmp/1 T_33.6, 6;
    %dup/vec4;
    %pushi/vec4 32, 0, 8;
    %cmp/u;
    %jmp/1 T_33.7, 6;
    %dup/vec4;
    %pushi/vec4 64, 0, 8;
    %cmp/u;
    %jmp/1 T_33.8, 6;
    %dup/vec4;
    %pushi/vec4 128, 0, 8;
    %cmp/u;
    %jmp/1 T_33.9, 6;
    %jmp T_33.10;
T_33.2 ;
    %load/vec4 v0xbd953e141df0_0;
    %flag_set/vec4 9;
    %flag_get/vec4 9;
    %jmp/0 T_33.13, 9;
    %load/vec4 v0xbd953e141d30_0;
    %pushi/vec4 170, 0, 8;
    %cmp/e;
    %flag_get/vec4 4;
    %and;
T_33.13;
    %flag_set/vec4 8;
    %jmp/0xz  T_33.11, 8;
    %pushi/vec4 2, 0, 8;
    %assign/vec4 v0xbd953e141410_0, 0;
T_33.11 ;
    %jmp T_33.10;
T_33.3 ;
    %load/vec4 v0xbd953e141df0_0;
    %flag_set/vec4 8;
    %jmp/0xz  T_33.14, 8;
    %load/vec4 v0xbd953e141d30_0;
    %ix/load 4, 8, 0;
    %ix/load 5, 0, 0;
    %flag_set/imm 4, 0;
    %assign/vec4/off/d v0xbd953e140870_0, 4, 5;
    %load/vec4 v0xbd953e141d30_0;
    %pad/u 32;
    %cmpi/u 8, 0, 32;
    %jmp/0xz  T_33.16, 5;
    %pushi/vec4 4, 0, 8;
    %assign/vec4 v0xbd953e141410_0, 0;
    %jmp T_33.17;
T_33.16 ;
    %pushi/vec4 1, 0, 8;
    %assign/vec4 v0xbd953e141410_0, 0;
T_33.17 ;
T_33.14 ;
    %jmp T_33.10;
T_33.4 ;
    %load/vec4 v0xbd953e141df0_0;
    %flag_set/vec4 8;
    %jmp/0xz  T_33.18, 8;
    %load/vec4 v0xbd953e141d30_0;
    %ix/load 4, 0, 0;
    %ix/load 5, 0, 0;
    %flag_set/imm 4, 0;
    %assign/vec4/off/d v0xbd953e140870_0, 4, 5;
    %pushi/vec4 8, 0, 8;
    %assign/vec4 v0xbd953e141410_0, 0;
T_33.18 ;
    %jmp T_33.10;
T_33.5 ;
    %load/vec4 v0xbd953e141df0_0;
    %flag_set/vec4 8;
    %jmp/0xz  T_33.20, 8;
    %load/vec4 v0xbd953e141d30_0;
    %assign/vec4 v0xbd953e13f440_0, 0;
    %load/vec4 v0xbd953e141d30_0;
    %pad/u 32;
    %cmpi/e 1, 0, 32;
    %jmp/1 T_33.24, 4;
    %flag_mov 8, 4;
    %load/vec4 v0xbd953e141d30_0;
    %pad/u 32;
    %cmpi/e 2, 0, 32;
    %flag_or 4, 8;
T_33.24;
    %jmp/0xz  T_33.22, 4;
    %pushi/vec4 32, 0, 8;
    %assign/vec4 v0xbd953e141410_0, 0;
    %jmp T_33.23;
T_33.22 ;
    %load/vec4 v0xbd953e140870_0;
    %pad/u 32;
    %cmpi/u 1, 0, 32;
    %flag_or 5, 4; GT is !LE
    %flag_inv 5;
    %jmp/0xz  T_33.25, 5;
    %pushi/vec4 16, 0, 8;
    %assign/vec4 v0xbd953e141410_0, 0;
    %jmp T_33.26;
T_33.25 ;
    %pushi/vec4 1, 0, 8;
    %assign/vec4 v0xbd953e141410_0, 0;
T_33.26 ;
T_33.23 ;
    %pushi/vec4 0, 0, 16;
    %assign/vec4 v0xbd953e13f780_0, 0;
T_33.20 ;
    %jmp T_33.10;
T_33.6 ;
    %load/vec4 v0xbd953e141df0_0;
    %flag_set/vec4 8;
    %jmp/0xz  T_33.27, 8;
    %load/vec4 v0xbd953e13f860_0;
    %parti/s 24, 0, 2;
    %load/vec4 v0xbd953e141d30_0;
    %concat/vec4; draw_concat_vec4
    %assign/vec4 v0xbd953e13f860_0, 0;
    %load/vec4 v0xbd953e13f780_0;
    %addi 1, 0, 16;
    %assign/vec4 v0xbd953e13f780_0, 0;
    %load/vec4 v0xbd953e13f780_0;
    %pad/u 32;
    %addi 2, 0, 32;
    %load/vec4 v0xbd953e140870_0;
    %pad/u 32;
    %cmp/e;
    %jmp/0xz  T_33.29, 4;
    %pushi/vec4 1, 0, 8;
    %assign/vec4 v0xbd953e141410_0, 0;
T_33.29 ;
    %load/vec4 v0xbd953e13f440_0;
    %dup/vec4;
    %pushi/vec4 3, 0, 8;
    %cmp/u;
    %jmp/1 T_33.31, 6;
    %dup/vec4;
    %pushi/vec4 4, 0, 8;
    %cmp/u;
    %jmp/1 T_33.32, 6;
    %dup/vec4;
    %pushi/vec4 5, 0, 8;
    %cmp/u;
    %jmp/1 T_33.33, 6;
    %dup/vec4;
    %pushi/vec4 6, 0, 8;
    %cmp/u;
    %jmp/1 T_33.34, 6;
    %dup/vec4;
    %pushi/vec4 7, 0, 8;
    %cmp/u;
    %jmp/1 T_33.35, 6;
    %dup/vec4;
    %pushi/vec4 8, 0, 8;
    %cmp/u;
    %jmp/1 T_33.36, 6;
    %dup/vec4;
    %pushi/vec4 9, 0, 8;
    %cmp/u;
    %jmp/1 T_33.37, 6;
    %dup/vec4;
    %pushi/vec4 10, 0, 8;
    %cmp/u;
    %jmp/1 T_33.38, 6;
    %dup/vec4;
    %pushi/vec4 11, 0, 8;
    %cmp/u;
    %jmp/1 T_33.39, 6;
    %dup/vec4;
    %pushi/vec4 12, 0, 8;
    %cmp/u;
    %jmp/1 T_33.40, 6;
    %dup/vec4;
    %pushi/vec4 17, 0, 8;
    %cmp/u;
    %jmp/1 T_33.41, 6;
    %dup/vec4;
    %pushi/vec4 18, 0, 8;
    %cmp/u;
    %jmp/1 T_33.42, 6;
    %jmp T_33.44;
T_33.31 ;
    %load/vec4 v0xbd953e13f780_0;
    %pad/u 32;
    %cmpi/e 3, 0, 32;
    %jmp/0xz  T_33.45, 4;
    %load/vec4 v0xbd953e13f860_0;
    %parti/s 24, 0, 2;
    %load/vec4 v0xbd953e141d30_0;
    %concat/vec4; draw_concat_vec4
    %assign/vec4 v0xbd953e13f4e0_0, 0;
T_33.45 ;
    %jmp T_33.44;
T_33.32 ;
    %load/vec4 v0xbd953e13f780_0;
    %dup/vec4;
    %pushi/vec4 0, 0, 16;
    %cmp/u;
    %jmp/1 T_33.47, 6;
    %dup/vec4;
    %pushi/vec4 1, 0, 16;
    %cmp/u;
    %jmp/1 T_33.48, 6;
    %jmp T_33.50;
T_33.47 ;
    %load/vec4 v0xbd953e141d30_0;
    %assign/vec4 v0xbd953e13f5c0_0, 0;
    %jmp T_33.50;
T_33.48 ;
    %load/vec4 v0xbd953e141d30_0;
    %assign/vec4 v0xbd953e13f6a0_0, 0;
    %jmp T_33.50;
T_33.50 ;
    %pop/vec4 1;
    %jmp T_33.44;
T_33.33 ;
    %load/vec4 v0xbd953e13f5c0_0;
    %assign/vec4 v0xbd953e143910_0, 0;
    %load/vec4 v0xbd953e13f6a0_0;
    %assign/vec4 v0xbd953e1439f0_0, 0;
    %load/vec4 v0xbd953e141d30_0;
    %assign/vec4 v0xbd953e13f280_0, 0;
    %load/vec4 v0xbd953e13f5c0_0;
    %pad/u 32;
    %cmpi/u 32, 0, 32;
    %jmp/0xz  T_33.51, 5;
    %load/vec4 v0xbd953e13f5c0_0;
    %addi 1, 0, 8;
    %assign/vec4 v0xbd953e13f5c0_0, 0;
    %pushi/vec4 1, 0, 1;
    %assign/vec4 v0xbd953e143870_0, 0;
T_33.51 ;
    %jmp T_33.44;
T_33.34 ;
    %load/vec4 v0xbd953e141d30_0;
    %assign/vec4 v0xbd953e141b70_0, 0;
    %pushi/vec4 1, 0, 8;
    %assign/vec4 v0xbd953e141410_0, 0;
    %jmp T_33.44;
T_33.35 ;
    %load/vec4 v0xbd953e141d30_0;
    %assign/vec4 v0xbd953e1418f0_0, 0;
    %pushi/vec4 1, 0, 1;
    %assign/vec4 v0xbd953e1419d0_0, 0;
    %jmp T_33.44;
T_33.36 ;
    %load/vec4 v0xbd953e141d30_0;
    %parti/s 1, 0, 2;
    %assign/vec4 v0xbd953e141190_0, 0;
    %jmp T_33.44;
T_33.37 ;
    %load/vec4 v0xbd953e13f780_0;
    %dup/vec4;
    %pushi/vec4 0, 0, 16;
    %cmp/u;
    %jmp/1 T_33.53, 6;
    %dup/vec4;
    %pushi/vec4 1, 0, 16;
    %cmp/u;
    %jmp/1 T_33.54, 6;
    %dup/vec4;
    %pushi/vec4 2, 0, 16;
    %cmp/u;
    %jmp/1 T_33.55, 6;
    %dup/vec4;
    %pushi/vec4 3, 0, 16;
    %cmp/u;
    %jmp/1 T_33.56, 6;
    %jmp T_33.58;
T_33.53 ;
    %load/vec4 v0xbd953e141d30_0;
    %ix/load 4, 8, 0;
    %ix/load 5, 0, 0;
    %flag_set/imm 4, 0;
    %assign/vec4/off/d v0xbd953e13fec0_0, 4, 5;
    %jmp T_33.58;
T_33.54 ;
    %load/vec4 v0xbd953e141d30_0;
    %ix/load 4, 0, 0;
    %ix/load 5, 0, 0;
    %flag_set/imm 4, 0;
    %assign/vec4/off/d v0xbd953e13fec0_0, 4, 5;
    %jmp T_33.58;
T_33.55 ;
    %load/vec4 v0xbd953e141d30_0;
    %ix/load 4, 8, 0;
    %ix/load 5, 0, 0;
    %flag_set/imm 4, 0;
    %assign/vec4/off/d v0xbd953e13ffa0_0, 4, 5;
    %jmp T_33.58;
T_33.56 ;
    %load/vec4 v0xbd953e141d30_0;
    %ix/load 4, 0, 0;
    %ix/load 5, 0, 0;
    %flag_set/imm 4, 0;
    %assign/vec4/off/d v0xbd953e13ffa0_0, 4, 5;
    %jmp T_33.58;
T_33.58 ;
    %pop/vec4 1;
    %jmp T_33.44;
T_33.38 ;
    %pushi/vec4 1, 0, 1;
    %assign/vec4 v0xbd953e140d90_0, 0;
    %pushi/vec4 61967, 0, 16;
    %assign/vec4 v0xbd953e140a30_0, 0;
    %load/vec4 v0xbd953e141d30_0;
    %pad/u 16;
    %assign/vec4 v0xbd953e140f10_0, 0;
    %pushi/vec4 1, 0, 1;
    %assign/vec4 v0xbd953e140e50_0, 0;
    %load/vec4 v0xbd953e13f780_0;
    %pad/u 32;
    %cmpi/e 511, 0, 32;
    %jmp/0xz  T_33.59, 4;
    %pushi/vec4 1, 0, 1;
    %assign/vec4 v0xbd953e13fa20_0, 0;
T_33.59 ;
    %jmp T_33.44;
T_33.39 ;
    %pushi/vec4 1, 0, 1;
    %assign/vec4 v0xbd953e140d90_0, 0;
    %load/vec4 v0xbd953e13f780_0;
    %dup/vec4;
    %pushi/vec4 0, 0, 16;
    %cmp/u;
    %jmp/1 T_33.61, 6;
    %dup/vec4;
    %pushi/vec4 1, 0, 16;
    %cmp/u;
    %jmp/1 T_33.62, 6;
    %dup/vec4;
    %pushi/vec4 2, 0, 16;
    %cmp/u;
    %jmp/1 T_33.63, 6;
    %dup/vec4;
    %pushi/vec4 3, 0, 16;
    %cmp/u;
    %jmp/1 T_33.64, 6;
    %jmp T_33.66;
T_33.61 ;
    %load/vec4 v0xbd953e141d30_0;
    %ix/load 4, 8, 0;
    %ix/load 5, 0, 0;
    %flag_set/imm 4, 0;
    %assign/vec4/off/d v0xbd953e140a30_0, 4, 5;
    %jmp T_33.66;
T_33.62 ;
    %load/vec4 v0xbd953e141d30_0;
    %ix/load 4, 0, 0;
    %ix/load 5, 0, 0;
    %flag_set/imm 4, 0;
    %assign/vec4/off/d v0xbd953e140a30_0, 4, 5;
    %jmp T_33.66;
T_33.63 ;
    %load/vec4 v0xbd953e141d30_0;
    %ix/load 4, 8, 0;
    %ix/load 5, 0, 0;
    %flag_set/imm 4, 0;
    %assign/vec4/off/d v0xbd953e140f10_0, 4, 5;
    %jmp T_33.66;
T_33.64 ;
    %load/vec4 v0xbd953e141d30_0;
    %ix/load 4, 0, 0;
    %ix/load 5, 0, 0;
    %flag_set/imm 4, 0;
    %assign/vec4/off/d v0xbd953e140f10_0, 4, 5;
    %pushi/vec4 1, 0, 1;
    %assign/vec4 v0xbd953e140e50_0, 0;
    %jmp T_33.66;
T_33.66 ;
    %pop/vec4 1;
    %jmp T_33.44;
T_33.40 ;
    %load/vec4 v0xbd953e141d30_0;
    %assign/vec4 v0xbd953e1405f0_0, 0;
    %pushi/vec4 1, 0, 1;
    %assign/vec4 v0xbd953e1406d0_0, 0;
    %jmp T_33.44;
T_33.41 ;
    %load/vec4 v0xbd953e13f780_0;
    %pad/u 32;
    %cmpi/e 1, 0, 32;
    %jmp/0xz  T_33.67, 4;
    %load/vec4 v0xbd953e141d30_0;
    %concati/vec4 0, 0, 9;
    %assign/vec4 v0xbd953e1430e0_0, 0;
    %jmp T_33.68;
T_33.67 ;
    %load/vec4 v0xbd953e13f780_0;
    %pad/u 32;
    %cmpi/u 2, 0, 32;
    %flag_inv 5; GE is !LT
    %flag_get/vec4 5;
    %jmp/0 T_33.71, 5;
    %load/vec4 v0xbd953e13f780_0;
    %pad/u 32;
    %cmpi/u 514, 0, 32;
    %flag_get/vec4 5;
    %and;
T_33.71;
    %flag_set/vec4 8;
    %jmp/0xz  T_33.69, 8;
    %load/vec4 v0xbd953e141d30_0;
    %assign/vec4 v0xbd953e142380_0, 0;
    %load/vec4 v0xbd953e13f780_0;
    %pad/u 32;
    %cmpi/u 2, 0, 32;
    %flag_or 5, 4; GT is !LE
    %flag_inv 5;
    %jmp/0xz  T_33.72, 5;
    %load/vec4 v0xbd953e1430e0_0;
    %addi 1, 0, 17;
    %assign/vec4 v0xbd953e1430e0_0, 0;
T_33.72 ;
    %load/vec4 v0xbd953e142b80_0;
    %inv;
    %assign/vec4 v0xbd953e142b80_0, 0;
    %pushi/vec4 128, 0, 8;
    %assign/vec4 v0xbd953e141410_0, 0;
T_33.69 ;
T_33.68 ;
    %jmp T_33.44;
T_33.42 ;
    %load/vec4 v0xbd953e13f780_0;
    %pad/u 32;
    %cmpi/e 0, 0, 32;
    %jmp/0xz  T_33.74, 4;
    %load/vec4 v0xbd953e141d30_0;
    %ix/load 4, 8, 0;
    %ix/load 5, 0, 0;
    %flag_set/imm 4, 0;
    %assign/vec4/off/d v0xbd953e142c40_0, 4, 5;
    %jmp T_33.75;
T_33.74 ;
    %load/vec4 v0xbd953e13f780_0;
    %pad/u 32;
    %cmpi/e 1, 0, 32;
    %jmp/0xz  T_33.76, 4;
    %load/vec4 v0xbd953e141d30_0;
    %ix/load 4, 0, 0;
    %ix/load 5, 0, 0;
    %flag_set/imm 4, 0;
    %assign/vec4/off/d v0xbd953e142c40_0, 4, 5;
    %load/vec4 v0xbd953e142ac0_0;
    %inv;
    %assign/vec4 v0xbd953e142ac0_0, 0;
T_33.76 ;
T_33.75 ;
    %jmp T_33.44;
T_33.44 ;
    %pop/vec4 1;
T_33.27 ;
    %jmp T_33.10;
T_33.7 ;
    %load/vec4 v0xbd953e13f440_0;
    %dup/vec4;
    %pushi/vec4 1, 0, 8;
    %cmp/u;
    %jmp/1 T_33.78, 6;
    %dup/vec4;
    %pushi/vec4 2, 0, 8;
    %cmp/u;
    %jmp/1 T_33.79, 6;
    %pushi/vec4 1, 0, 8;
    %assign/vec4 v0xbd953e141410_0, 0;
    %jmp T_33.81;
T_33.78 ;
    %load/vec4 v0xbd953e13f440_0;
    %assign/vec4 v0xbd953e141810_0, 0;
    ; show_stmt_assign_vector: Get l-value for compressed ^= operand
    %load/vec4 v0xbd953e141750_0;
    %pushi/vec4 1, 0, 1;
    %xor;
    %store/vec4 v0xbd953e141750_0, 0, 1;
    %pushi/vec4 64, 0, 8;
    %assign/vec4 v0xbd953e141410_0, 0;
    %jmp T_33.81;
T_33.79 ;
    %load/vec4 v0xbd953e13f440_0;
    %assign/vec4 v0xbd953e141810_0, 0;
    ; show_stmt_assign_vector: Get l-value for compressed ^= operand
    %load/vec4 v0xbd953e141750_0;
    %pushi/vec4 1, 0, 1;
    %xor;
    %store/vec4 v0xbd953e141750_0, 0, 1;
    %pushi/vec4 64, 0, 8;
    %assign/vec4 v0xbd953e141410_0, 0;
    %jmp T_33.81;
T_33.81 ;
    %pop/vec4 1;
    %jmp T_33.10;
T_33.8 ;
    %load/vec4 v0xbd953e141750_0;
    %load/vec4 v0xbd953e141690_0;
    %cmp/e;
    %jmp/0xz  T_33.82, 4;
    %pushi/vec4 1, 0, 8;
    %assign/vec4 v0xbd953e141410_0, 0;
T_33.82 ;
    %jmp T_33.10;
T_33.9 ;
    %load/vec4 v0xbd953e142f60_0;
    %flag_set/vec4 8;
    %jmp/0xz  T_33.84, 8;
    %load/vec4 v0xbd953e13f780_0;
    %pad/u 32;
    %addi 1, 0, 32;
    %load/vec4 v0xbd953e140870_0;
    %pad/u 32;
    %cmp/e;
    %flag_mov 8, 4;
    %jmp/0 T_33.86, 8;
    %pushi/vec4 1, 0, 8;
    %jmp/1 T_33.87, 8;
T_33.86 ; End of true expr.
    %pushi/vec4 16, 0, 8;
    %jmp/0 T_33.87, 8;
 ; End of false expr.
    %blend;
T_33.87;
    %assign/vec4 v0xbd953e141410_0, 0;
T_33.84 ;
    %jmp T_33.10;
T_33.10 ;
    %pop/vec4 1;
T_33.1 ;
    %jmp T_33;
    .thread T_33;
    .scope S_0xbd953e1391c0;
T_34 ;
    %wait E_0xbd953e0b9660;
    %load/vec4 v0xbd953e1414f0_0;
    %nor/r;
    %flag_set/vec4 8;
    %jmp/0xz  T_34.0, 8;
    %pushi/vec4 0, 0, 20;
    %assign/vec4 v0xbd953e140510_0, 0;
    %pushi/vec4 0, 0, 4;
    %assign/vec4 v0xbd953e141f60_0, 0;
    %pushi/vec4 0, 0, 1;
    %assign/vec4 v0xbd953e142de0_0, 0;
    %jmp T_34.1;
T_34.0 ;
    %pushi/vec4 0, 0, 1;
    %assign/vec4 v0xbd953e143480_0, 0;
    %pushi/vec4 0, 0, 1;
    %assign/vec4 v0xbd953e140bf0_0, 0;
    %pushi/vec4 0, 0, 1;
    %assign/vec4 v0xbd953e13fae0_0, 0;
    %pushi/vec4 0, 0, 1;
    %assign/vec4 v0xbd953e13fd60_0, 0;
    %load/vec4 v0xbd953e140510_0;
    %pad/u 32;
    %cmpi/e 0, 0, 32;
    %flag_mov 8, 4;
    %jmp/0 T_34.2, 8;
    %pushi/vec4 0, 0, 20;
    %jmp/1 T_34.3, 8;
T_34.2 ; End of true expr.
    %load/vec4 v0xbd953e140510_0;
    %subi 1, 0, 20;
    %jmp/0 T_34.3, 8;
 ; End of false expr.
    %blend;
T_34.3;
    %assign/vec4 v0xbd953e140510_0, 0;
    %pushi/vec4 1, 0, 1;
    %flag_set/vec4 9;
    %flag_get/vec4 9;
    %jmp/0 T_34.6, 9;
    %load/vec4 v0xbd953e1422c0_0;
    %and;
T_34.6;
    %flag_set/vec4 8;
    %jmp/0xz  T_34.4, 8;
    %load/vec4 v0xbd953e142460_0;
    %nor/r;
    %flag_set/vec4 8;
    %jmp/0xz  T_34.7, 8;
    %pushi/vec4 1, 0, 1;
    %assign/vec4 v0xbd953e142600_0, 0;
T_34.7 ;
    %pushi/vec4 1, 0, 1;
    %assign/vec4 v0xbd953e142460_0, 0;
T_34.4 ;
    %load/vec4 v0xbd953e141f60_0;
    %dup/vec4;
    %pushi/vec4 0, 0, 4;
    %cmp/u;
    %jmp/1 T_34.9, 6;
    %dup/vec4;
    %pushi/vec4 6, 0, 4;
    %cmp/u;
    %jmp/1 T_34.10, 6;
    %dup/vec4;
    %pushi/vec4 1, 0, 4;
    %cmp/u;
    %jmp/1 T_34.11, 6;
    %dup/vec4;
    %pushi/vec4 2, 0, 4;
    %cmp/u;
    %jmp/1 T_34.12, 6;
    %dup/vec4;
    %pushi/vec4 3, 0, 4;
    %cmp/u;
    %jmp/1 T_34.13, 6;
    %dup/vec4;
    %pushi/vec4 4, 0, 4;
    %cmp/u;
    %jmp/1 T_34.14, 6;
    %dup/vec4;
    %pushi/vec4 5, 0, 4;
    %cmp/u;
    %jmp/1 T_34.15, 6;
    %dup/vec4;
    %pushi/vec4 10, 0, 4;
    %cmp/u;
    %jmp/1 T_34.16, 6;
    %dup/vec4;
    %pushi/vec4 12, 0, 4;
    %cmp/u;
    %jmp/1 T_34.17, 6;
    %dup/vec4;
    %pushi/vec4 11, 0, 4;
    %cmp/u;
    %jmp/1 T_34.18, 6;
    %dup/vec4;
    %pushi/vec4 7, 0, 4;
    %cmp/u;
    %jmp/1 T_34.19, 6;
    %jmp T_34.20;
T_34.9 ;
    %pushi/vec4 0, 0, 7;
    %assign/vec4 v0xbd953e141ec0_0, 0;
    %load/vec4 v0xbd953e140510_0;
    %pad/u 32;
    %cmpi/e 0, 0, 32;
    %flag_get/vec4 4;
    %jmp/0 T_34.23, 4;
    %load/vec4 v0xbd953e140190_0;
    %pad/u 16;
    %load/vec4 v0xbd953e140270_0;
    %cmp/ne;
    %flag_get/vec4 4;
    %jmp/1 T_34.24, 4;
    %load/vec4 v0xbd953e140350_0;
    %pad/u 16;
    %load/vec4 v0xbd953e140430_0;
    %cmp/ne;
    %flag_get/vec4 4;
    %or;
T_34.24;
    %and;
T_34.23;
    %flag_set/vec4 8;
    %jmp/0xz  T_34.21, 8;
    %pushi/vec4 1000000, 0, 20;
    %assign/vec4 v0xbd953e140510_0, 0;
    %load/vec4 v0xbd953e140190_0;
    %pad/u 16;
    %assign/vec4 v0xbd953e140270_0, 0;
    %load/vec4 v0xbd953e140350_0;
    %pad/u 16;
    %assign/vec4 v0xbd953e140430_0, 0;
    %pushi/vec4 3, 0, 4;
    %assign/vec4 v0xbd953e142040_0, 0;
    %pushi/vec4 6, 0, 4;
    %assign/vec4 v0xbd953e141f60_0, 0;
    %pushi/vec4 5, 0, 16;
    %assign/vec4 v0xbd953e1415b0_0, 0;
    %jmp T_34.22;
T_34.21 ;
    %load/vec4 v0xbd953e13fba0_0;
    %parti/s 1, 1, 2;
    %flag_set/vec4 9;
    %flag_get/vec4 9;
    %jmp/0 T_34.27, 9;
    %load/vec4 v0xbd953e13fc80_0;
    %pad/u 32;
    %pushi/vec4 0, 0, 32;
    %cmp/e;
    %flag_get/vec4 4;
    %and;
T_34.27;
    %flag_set/vec4 8;
    %jmp/0xz  T_34.25, 8;
    %pushi/vec4 4, 0, 4;
    %assign/vec4 v0xbd953e142040_0, 0;
    %pushi/vec4 6, 0, 4;
    %assign/vec4 v0xbd953e141f60_0, 0;
    %pushi/vec4 61952, 0, 16;
    %assign/vec4 v0xbd953e140b10_0, 0;
    %pushi/vec4 515, 0, 16;
    %assign/vec4 v0xbd953e1415b0_0, 0;
    %jmp T_34.26;
T_34.25 ;
    %load/vec4 v0xbd953e13fba0_0;
    %parti/s 1, 0, 2;
    %flag_set/vec4 9;
    %flag_get/vec4 9;
    %jmp/0 T_34.30, 9;
    %load/vec4 v0xbd953e13fc80_0;
    %pad/u 32;
    %pushi/vec4 0, 0, 32;
    %cmp/e;
    %flag_get/vec4 4;
    %and;
T_34.30;
    %flag_set/vec4 8;
    %jmp/0xz  T_34.28, 8;
    %pushi/vec4 5, 0, 4;
    %assign/vec4 v0xbd953e142040_0, 0;
    %pushi/vec4 6, 0, 4;
    %assign/vec4 v0xbd953e141f60_0, 0;
    %pushi/vec4 61952, 0, 16;
    %assign/vec4 v0xbd953e140b10_0, 0;
    %pushi/vec4 3, 0, 16;
    %assign/vec4 v0xbd953e1415b0_0, 0;
    %jmp T_34.29;
T_34.28 ;
    %pushi/vec4 1, 0, 1;
    %flag_set/vec4 9;
    %flag_get/vec4 9;
    %jmp/0 T_34.33, 9;
    %load/vec4 v0xbd953e142ac0_0;
    %load/vec4 v0xbd953e142a00_0;
    %cmp/ne;
    %flag_get/vec4 4;
    %and;
T_34.33;
    %flag_set/vec4 8;
    %jmp/0xz  T_34.31, 8;
    %pushi/vec4 10, 0, 4;
    %assign/vec4 v0xbd953e142040_0, 0;
    %pushi/vec4 6, 0, 4;
    %assign/vec4 v0xbd953e141f60_0, 0;
    %pushi/vec4 515, 0, 16;
    %assign/vec4 v0xbd953e1415b0_0, 0;
    %load/vec4 v0xbd953e142c40_0;
    %parti/s 8, 0, 2;
    %concati/vec4 0, 0, 9;
    %assign/vec4 v0xbd953e142920_0, 0;
    %pushi/vec4 0, 0, 10;
    %assign/vec4 v0xbd953e142520_0, 0;
    %load/vec4 v0xbd953e142c40_0;
    %pad/u 32;
    %cmpi/e 0, 0, 32;
    %flag_get/vec4 4;
    %jmp/0 T_34.36, 4;
    %load/vec4 v0xbd953e1422c0_0;
    %nor/r;
    %and;
T_34.36;
    %flag_set/vec4 8;
    %jmp/0xz  T_34.34, 8;
    %pushi/vec4 0, 0, 1;
    %assign/vec4 v0xbd953e142460_0, 0;
T_34.34 ;
    %jmp T_34.32;
T_34.31 ;
    %pushi/vec4 1, 0, 1;
    %flag_set/vec4 9;
    %flag_get/vec4 9;
    %jmp/0 T_34.39, 9;
    %load/vec4 v0xbd953e142600_0;
    %and;
T_34.39;
    %flag_set/vec4 8;
    %jmp/0xz  T_34.37, 8;
    %pushi/vec4 11, 0, 4;
    %assign/vec4 v0xbd953e142040_0, 0;
    %pushi/vec4 6, 0, 4;
    %assign/vec4 v0xbd953e141f60_0, 0;
    %pushi/vec4 2, 0, 16;
    %assign/vec4 v0xbd953e1415b0_0, 0;
    %jmp T_34.38;
T_34.37 ;
    %load/vec4 v0xbd953e141750_0;
    %load/vec4 v0xbd953e141690_0;
    %cmp/ne;
    %jmp/0xz  T_34.40, 4;
    %load/vec4 v0xbd953e141810_0;
    %pad/u 32;
    %cmpi/e 2, 0, 32;
    %jmp/0xz  T_34.42, 4;
    %pushi/vec4 2, 0, 4;
    %assign/vec4 v0xbd953e142040_0, 0;
    %pushi/vec4 6, 0, 4;
    %assign/vec4 v0xbd953e141f60_0, 0;
    %pushi/vec4 74, 0, 16;
    %assign/vec4 v0xbd953e1415b0_0, 0;
    %jmp T_34.43;
T_34.42 ;
    %load/vec4 v0xbd953e141810_0;
    %pad/u 32;
    %cmpi/e 1, 0, 32;
    %jmp/0xz  T_34.44, 4;
    %pushi/vec4 1, 0, 4;
    %assign/vec4 v0xbd953e142040_0, 0;
    %pushi/vec4 6, 0, 4;
    %assign/vec4 v0xbd953e141f60_0, 0;
    %pushi/vec4 2, 0, 16;
    %assign/vec4 v0xbd953e1415b0_0, 0;
T_34.44 ;
T_34.43 ;
T_34.40 ;
T_34.38 ;
T_34.32 ;
T_34.29 ;
T_34.26 ;
T_34.22 ;
    %jmp T_34.20;
T_34.10 ;
    %load/vec4 v0xbd953e1433e0_0;
    %flag_set/vec4 9;
    %flag_get/vec4 9;
    %jmp/0 T_34.48, 9;
    %load/vec4 v0xbd953e143480_0;
    %inv;
    %and;
T_34.48;
    %flag_set/vec4 8;
    %jmp/0xz  T_34.46, 8;
    %pushi/vec4 1, 0, 1;
    %assign/vec4 v0xbd953e143480_0, 0;
    %load/vec4 v0xbd953e141ec0_0;
    %addi 1, 0, 7;
    %assign/vec4 v0xbd953e141ec0_0, 0;
    %load/vec4 v0xbd953e141ec0_0;
    %parti/s 2, 0, 2;
    %dup/vec4;
    %pushi/vec4 0, 0, 2;
    %cmp/u;
    %jmp/1 T_34.49, 6;
    %dup/vec4;
    %pushi/vec4 1, 0, 2;
    %cmp/u;
    %jmp/1 T_34.50, 6;
    %dup/vec4;
    %pushi/vec4 2, 0, 2;
    %cmp/u;
    %jmp/1 T_34.51, 6;
    %dup/vec4;
    %pushi/vec4 3, 0, 2;
    %cmp/u;
    %jmp/1 T_34.52, 6;
    %jmp T_34.54;
T_34.49 ;
    %pushi/vec4 170, 0, 8;
    %assign/vec4 v0xbd953e143320_0, 0;
    %jmp T_34.54;
T_34.50 ;
    %load/vec4 v0xbd953e1415b0_0;
    %parti/s 8, 8, 5;
    %assign/vec4 v0xbd953e143320_0, 0;
    %jmp T_34.54;
T_34.51 ;
    %load/vec4 v0xbd953e1415b0_0;
    %parti/s 8, 0, 2;
    %assign/vec4 v0xbd953e143320_0, 0;
    %jmp T_34.54;
T_34.52 ;
    %load/vec4 v0xbd953e142040_0;
    %pad/u 8;
    %assign/vec4 v0xbd953e143320_0, 0;
    %load/vec4 v0xbd953e142040_0;
    %assign/vec4 v0xbd953e141f60_0, 0;
    %pushi/vec4 0, 0, 7;
    %assign/vec4 v0xbd953e141ec0_0, 0;
    %jmp T_34.54;
T_34.54 ;
    %pop/vec4 1;
T_34.46 ;
    %jmp T_34.20;
T_34.11 ;
    %load/vec4 v0xbd953e1433e0_0;
    %flag_set/vec4 9;
    %flag_get/vec4 9;
    %jmp/0 T_34.57, 9;
    %load/vec4 v0xbd953e143480_0;
    %inv;
    %and;
T_34.57;
    %flag_set/vec4 8;
    %jmp/0xz  T_34.55, 8;
    %pushi/vec4 2, 0, 8;
    %assign/vec4 v0xbd953e143320_0, 0;
    %pushi/vec4 1, 0, 1;
    %assign/vec4 v0xbd953e143480_0, 0;
    %pushi/vec4 0, 0, 4;
    %assign/vec4 v0xbd953e141f60_0, 0;
    %load/vec4 v0xbd953e141750_0;
    %assign/vec4 v0xbd953e141690_0, 0;
T_34.55 ;
    %jmp T_34.20;
T_34.12 ;
    %load/vec4 v0xbd953e1433e0_0;
    %flag_set/vec4 9;
    %flag_get/vec4 9;
    %jmp/0 T_34.60, 9;
    %load/vec4 v0xbd953e143480_0;
    %inv;
    %and;
T_34.60;
    %flag_set/vec4 8;
    %jmp/0xz  T_34.58, 8;
    %pushi/vec4 1415671399, 0, 32; draw_string_vec4
    %pushi/vec4 1668248165, 0, 32; draw_string_vec4
    %concat/vec4; draw_string_vec4
    %pushi/vec4 1933258043, 0, 32; draw_string_vec4
    %concat/vec4; draw_string_vec4
    %pushi/vec4 1328624172, 0, 32; draw_string_vec4
    %concat/vec4; draw_string_vec4
    %pushi/vec4 1330856992, 0, 32; draw_string_vec4
    %concat/vec4; draw_string_vec4
    %pushi/vec4 1801812268, 0, 32; draw_string_vec4
    %concat/vec4; draw_string_vec4
    %pushi/vec4 1382639464, 0, 32; draw_string_vec4
    %concat/vec4; draw_string_vec4
    %pushi/vec4 1948996453, 0, 32; draw_string_vec4
    %concat/vec4; draw_string_vec4
    %pushi/vec4 1818583924, 0, 32; draw_string_vec4
    %concat/vec4; draw_string_vec4
    %pushi/vec4 743662956, 0, 32; draw_string_vec4
    %concat/vec4; draw_string_vec4
    %pushi/vec4 1701016619, 0, 32; draw_string_vec4
    %concat/vec4; draw_string_vec4
    %pushi/vec4 1400136050, 0, 32; draw_string_vec4
    %concat/vec4; draw_string_vec4
    %pushi/vec4 1949061989, 0, 32; draw_string_vec4
    %concat/vec4; draw_string_vec4
    %pushi/vec4 1818583924, 0, 32; draw_string_vec4
    %concat/vec4; draw_string_vec4
    %pushi/vec4 726811195, 0, 32; draw_string_vec4
    %concat/vec4; draw_string_vec4
    %pushi/vec4 758863404, 0, 32; draw_string_vec4
    %concat/vec4; draw_string_vec4
    %pushi/vec4 1983000626, 0, 32; draw_string_vec4
    %concat/vec4; draw_string_vec4
    %pushi/vec4 875573552, 0, 32; draw_string_vec4
    %concat/vec4; draw_string_vec4
    %pushi/vec4 49, 0, 8; draw_string_vec4
    %concat/vec4; draw_string_vec4
    %pushi/vec4 73, 0, 32;
    %load/vec4 v0xbd953e141ec0_0;
    %pad/u 32;
    %sub;
    %subi 1, 0, 32;
    %muli 8, 0, 32;
    %part/u 8;
    %assign/vec4 v0xbd953e143320_0, 0;
    %pushi/vec4 1, 0, 1;
    %assign/vec4 v0xbd953e143480_0, 0;
    %load/vec4 v0xbd953e141ec0_0;
    %addi 1, 0, 7;
    %assign/vec4 v0xbd953e141ec0_0, 0;
    %load/vec4 v0xbd953e141ec0_0;
    %pad/u 32;
    %cmpi/e 72, 0, 32;
    %jmp/0xz  T_34.61, 4;
    %pushi/vec4 0, 0, 4;
    %assign/vec4 v0xbd953e141f60_0, 0;
    %load/vec4 v0xbd953e141750_0;
    %assign/vec4 v0xbd953e141690_0, 0;
T_34.61 ;
T_34.58 ;
    %jmp T_34.20;
T_34.13 ;
    %load/vec4 v0xbd953e1433e0_0;
    %flag_set/vec4 9;
    %flag_get/vec4 9;
    %jmp/0 T_34.65, 9;
    %load/vec4 v0xbd953e143480_0;
    %inv;
    %and;
T_34.65;
    %flag_set/vec4 8;
    %jmp/0xz  T_34.63, 8;
    %load/vec4 v0xbd953e141ec0_0;
    %dup/vec4;
    %pushi/vec4 0, 0, 7;
    %cmp/u;
    %jmp/1 T_34.66, 6;
    %dup/vec4;
    %pushi/vec4 1, 0, 7;
    %cmp/u;
    %jmp/1 T_34.67, 6;
    %dup/vec4;
    %pushi/vec4 2, 0, 7;
    %cmp/u;
    %jmp/1 T_34.68, 6;
    %dup/vec4;
    %pushi/vec4 3, 0, 7;
    %cmp/u;
    %jmp/1 T_34.69, 6;
    %jmp T_34.71;
T_34.66 ;
    %load/vec4 v0xbd953e140270_0;
    %parti/s 8, 8, 5;
    %assign/vec4 v0xbd953e143320_0, 0;
    %jmp T_34.71;
T_34.67 ;
    %load/vec4 v0xbd953e140270_0;
    %parti/s 8, 0, 2;
    %assign/vec4 v0xbd953e143320_0, 0;
    %jmp T_34.71;
T_34.68 ;
    %load/vec4 v0xbd953e140430_0;
    %parti/s 8, 8, 5;
    %assign/vec4 v0xbd953e143320_0, 0;
    %jmp T_34.71;
T_34.69 ;
    %load/vec4 v0xbd953e140430_0;
    %parti/s 8, 0, 2;
    %assign/vec4 v0xbd953e143320_0, 0;
    %jmp T_34.71;
T_34.71 ;
    %pop/vec4 1;
    %pushi/vec4 1, 0, 1;
    %assign/vec4 v0xbd953e143480_0, 0;
    %load/vec4 v0xbd953e141ec0_0;
    %addi 1, 0, 7;
    %assign/vec4 v0xbd953e141ec0_0, 0;
    %load/vec4 v0xbd953e141ec0_0;
    %pad/u 32;
    %cmpi/e 3, 0, 32;
    %jmp/0xz  T_34.72, 4;
    %pushi/vec4 0, 0, 4;
    %assign/vec4 v0xbd953e141f60_0, 0;
T_34.72 ;
T_34.63 ;
    %jmp T_34.20;
T_34.14 ;
    %load/vec4 v0xbd953e1433e0_0;
    %flag_set/vec4 9;
    %flag_get/vec4 9;
    %jmp/0 T_34.76, 9;
    %load/vec4 v0xbd953e143480_0;
    %inv;
    %and;
T_34.76;
    %flag_set/vec4 8;
    %jmp/0xz  T_34.74, 8;
    %load/vec4 v0xbd953e141ec0_0;
    %dup/vec4;
    %pushi/vec4 0, 0, 7;
    %cmp/u;
    %jmp/1 T_34.77, 6;
    %dup/vec4;
    %pushi/vec4 1, 0, 7;
    %cmp/u;
    %jmp/1 T_34.78, 6;
    %load/vec4 v0xbd953e140cb0_0;
    %parti/s 8, 0, 2;
    %assign/vec4 v0xbd953e143320_0, 0;
    %pushi/vec4 1, 0, 1;
    %assign/vec4 v0xbd953e140bf0_0, 0;
    %jmp T_34.80;
T_34.77 ;
    %load/vec4 v0xbd953e140cb0_0;
    %parti/s 8, 8, 5;
    %assign/vec4 v0xbd953e143320_0, 0;
    %jmp T_34.80;
T_34.78 ;
    %load/vec4 v0xbd953e140cb0_0;
    %parti/s 8, 0, 2;
    %assign/vec4 v0xbd953e143320_0, 0;
    %pushi/vec4 61967, 0, 16;
    %assign/vec4 v0xbd953e140b10_0, 0;
    %jmp T_34.80;
T_34.80 ;
    %pop/vec4 1;
    %pushi/vec4 1, 0, 1;
    %assign/vec4 v0xbd953e143480_0, 0;
    %load/vec4 v0xbd953e141ec0_0;
    %addi 1, 0, 7;
    %assign/vec4 v0xbd953e141ec0_0, 0;
    %load/vec4 v0xbd953e141ec0_0;
    %pad/u 32;
    %cmpi/e 513, 0, 32;
    %jmp/0xz  T_34.81, 4;
    %pushi/vec4 7, 0, 4;
    %assign/vec4 v0xbd953e141f60_0, 0;
    %pushi/vec4 1, 0, 1;
    %assign/vec4 v0xbd953e13fd60_0, 0;
T_34.81 ;
T_34.74 ;
    %jmp T_34.20;
T_34.15 ;
    %load/vec4 v0xbd953e1433e0_0;
    %flag_set/vec4 9;
    %flag_get/vec4 9;
    %jmp/0 T_34.85, 9;
    %load/vec4 v0xbd953e143480_0;
    %inv;
    %and;
T_34.85;
    %flag_set/vec4 8;
    %jmp/0xz  T_34.83, 8;
    %load/vec4 v0xbd953e141ec0_0;
    %dup/vec4;
    %pushi/vec4 0, 0, 7;
    %cmp/u;
    %jmp/1 T_34.86, 6;
    %dup/vec4;
    %pushi/vec4 1, 0, 7;
    %cmp/u;
    %jmp/1 T_34.87, 6;
    %jmp T_34.89;
T_34.86 ;
    %load/vec4 v0xbd953e140cb0_0;
    %parti/s 8, 8, 5;
    %assign/vec4 v0xbd953e143320_0, 0;
    %jmp T_34.89;
T_34.87 ;
    %load/vec4 v0xbd953e140cb0_0;
    %parti/s 8, 0, 2;
    %assign/vec4 v0xbd953e143320_0, 0;
    %jmp T_34.89;
T_34.89 ;
    %pop/vec4 1;
    %pushi/vec4 1, 0, 1;
    %assign/vec4 v0xbd953e143480_0, 0;
    %load/vec4 v0xbd953e141ec0_0;
    %addi 1, 0, 7;
    %assign/vec4 v0xbd953e141ec0_0, 0;
    %load/vec4 v0xbd953e141ec0_0;
    %pad/u 32;
    %cmpi/e 1, 0, 32;
    %jmp/0xz  T_34.90, 4;
    %pushi/vec4 7, 0, 4;
    %assign/vec4 v0xbd953e141f60_0, 0;
    %pushi/vec4 1, 0, 1;
    %assign/vec4 v0xbd953e13fae0_0, 0;
T_34.90 ;
T_34.83 ;
    %jmp T_34.20;
T_34.16 ;
    %pushi/vec4 1, 0, 1;
    %flag_set/vec4 10;
    %flag_get/vec4 10;
    %jmp/0 T_34.95, 10;
    %load/vec4 v0xbd953e1433e0_0;
    %and;
T_34.95;
    %flag_set/vec4 9;
    %flag_get/vec4 9;
    %jmp/0 T_34.94, 9;
    %load/vec4 v0xbd953e143480_0;
    %inv;
    %and;
T_34.94;
    %flag_set/vec4 8;
    %jmp/0xz  T_34.92, 8;
    %load/vec4 v0xbd953e142520_0;
    %pad/u 32;
    %cmpi/e 0, 0, 32;
    %jmp/0xz  T_34.96, 4;
    %load/vec4 v0xbd953e142c40_0;
    %parti/s 8, 8, 5;
    %assign/vec4 v0xbd953e143320_0, 0;
    %pushi/vec4 1, 0, 1;
    %assign/vec4 v0xbd953e143480_0, 0;
    %load/vec4 v0xbd953e142520_0;
    %addi 1, 0, 10;
    %assign/vec4 v0xbd953e142520_0, 0;
    %jmp T_34.97;
T_34.96 ;
    %load/vec4 v0xbd953e142520_0;
    %pad/u 32;
    %cmpi/e 1, 0, 32;
    %jmp/0xz  T_34.98, 4;
    %load/vec4 v0xbd953e142c40_0;
    %parti/s 8, 0, 2;
    %assign/vec4 v0xbd953e143320_0, 0;
    %pushi/vec4 1, 0, 1;
    %assign/vec4 v0xbd953e143480_0, 0;
    %load/vec4 v0xbd953e142520_0;
    %addi 1, 0, 10;
    %assign/vec4 v0xbd953e142520_0, 0;
    %jmp T_34.99;
T_34.98 ;
    %load/vec4 v0xbd953e142de0_0;
    %inv;
    %assign/vec4 v0xbd953e142de0_0, 0;
    %pushi/vec4 12, 0, 4;
    %assign/vec4 v0xbd953e141f60_0, 0;
T_34.99 ;
T_34.97 ;
T_34.92 ;
    %jmp T_34.20;
T_34.17 ;
    %pushi/vec4 1, 0, 1;
    %flag_set/vec4 11;
    %flag_get/vec4 11;
    %jmp/0 T_34.104, 11;
    %load/vec4 v0xbd953e1427a0_0;
    %and;
T_34.104;
    %flag_set/vec4 10;
    %flag_get/vec4 10;
    %jmp/0 T_34.103, 10;
    %load/vec4 v0xbd953e1433e0_0;
    %and;
T_34.103;
    %flag_set/vec4 9;
    %flag_get/vec4 9;
    %jmp/0 T_34.102, 9;
    %load/vec4 v0xbd953e143480_0;
    %inv;
    %and;
T_34.102;
    %flag_set/vec4 8;
    %jmp/0xz  T_34.100, 8;
    %load/vec4 v0xbd953e1426c0_0;
    %assign/vec4 v0xbd953e143320_0, 0;
    %pushi/vec4 1, 0, 1;
    %assign/vec4 v0xbd953e143480_0, 0;
    %load/vec4 v0xbd953e142920_0;
    %addi 1, 0, 17;
    %assign/vec4 v0xbd953e142920_0, 0;
    %load/vec4 v0xbd953e142520_0;
    %addi 1, 0, 10;
    %assign/vec4 v0xbd953e142520_0, 0;
    %load/vec4 v0xbd953e142520_0;
    %pad/u 32;
    %cmpi/e 513, 0, 32;
    %jmp/0xz  T_34.105, 4;
    %pushi/vec4 0, 0, 4;
    %assign/vec4 v0xbd953e141f60_0, 0;
    %load/vec4 v0xbd953e142ac0_0;
    %assign/vec4 v0xbd953e142a00_0, 0;
    %jmp T_34.106;
T_34.105 ;
    %pushi/vec4 10, 0, 4;
    %assign/vec4 v0xbd953e141f60_0, 0;
T_34.106 ;
T_34.100 ;
    %jmp T_34.20;
T_34.18 ;
    %pushi/vec4 1, 0, 1;
    %flag_set/vec4 10;
    %flag_get/vec4 10;
    %jmp/0 T_34.110, 10;
    %load/vec4 v0xbd953e1433e0_0;
    %and;
T_34.110;
    %flag_set/vec4 9;
    %flag_get/vec4 9;
    %jmp/0 T_34.109, 9;
    %load/vec4 v0xbd953e143480_0;
    %inv;
    %and;
T_34.109;
    %flag_set/vec4 8;
    %jmp/0xz  T_34.107, 8;
    %pushi/vec4 0, 0, 8;
    %assign/vec4 v0xbd953e143320_0, 0;
    %pushi/vec4 1, 0, 1;
    %assign/vec4 v0xbd953e143480_0, 0;
    %pushi/vec4 0, 0, 1;
    %assign/vec4 v0xbd953e142600_0, 0;
    %pushi/vec4 0, 0, 4;
    %assign/vec4 v0xbd953e141f60_0, 0;
T_34.107 ;
    %jmp T_34.20;
T_34.19 ;
    %pushi/vec4 0, 0, 4;
    %assign/vec4 v0xbd953e141f60_0, 0;
    %jmp T_34.20;
T_34.20 ;
    %pop/vec4 1;
T_34.1 ;
    %jmp T_34;
    .thread T_34;
    .scope S_0xbd953e1391c0;
T_35 ;
    %wait E_0xbd953e0b9660;
    %load/vec4 v0xbd953e1414f0_0;
    %nor/r;
    %flag_set/vec4 8;
    %jmp/0xz  T_35.0, 8;
    %pushi/vec4 0, 0, 2;
    %assign/vec4 v0xbd953e13fc80_0, 0;
    %jmp T_35.1;
T_35.0 ;
    %load/vec4 v0xbd953e13fc80_0;
    %dup/vec4;
    %pushi/vec4 0, 0, 2;
    %cmp/u;
    %jmp/1 T_35.2, 6;
    %dup/vec4;
    %pushi/vec4 1, 0, 2;
    %cmp/u;
    %jmp/1 T_35.3, 6;
    %dup/vec4;
    %pushi/vec4 2, 0, 2;
    %cmp/u;
    %jmp/1 T_35.4, 6;
    %jmp T_35.5;
T_35.2 ;
    %load/vec4 v0xbd953e13fae0_0;
    %flag_set/vec4 8;
    %jmp/0xz  T_35.6, 8;
    %pushi/vec4 1, 0, 2;
    %assign/vec4 v0xbd953e13fc80_0, 0;
    %jmp T_35.7;
T_35.6 ;
    %load/vec4 v0xbd953e13fd60_0;
    %flag_set/vec4 8;
    %jmp/0xz  T_35.8, 8;
    %pushi/vec4 2, 0, 2;
    %assign/vec4 v0xbd953e13fc80_0, 0;
    %pushi/vec4 15, 0, 4;
    %assign/vec4 v0xbd953e13f940_0, 0;
T_35.8 ;
T_35.7 ;
    %jmp T_35.5;
T_35.3 ;
    %load/vec4 v0xbd953e13fa20_0;
    %flag_set/vec4 8;
    %jmp/0xz  T_35.10, 8;
    %pushi/vec4 2, 0, 2;
    %assign/vec4 v0xbd953e13fc80_0, 0;
    %pushi/vec4 15, 0, 4;
    %assign/vec4 v0xbd953e13f940_0, 0;
T_35.10 ;
    %jmp T_35.5;
T_35.4 ;
    %load/vec4 v0xbd953e13f940_0;
    %subi 1, 0, 4;
    %assign/vec4 v0xbd953e13f940_0, 0;
    %load/vec4 v0xbd953e13f940_0;
    %pad/u 32;
    %cmpi/e 0, 0, 32;
    %jmp/0xz  T_35.12, 4;
    %pushi/vec4 0, 0, 2;
    %assign/vec4 v0xbd953e13fc80_0, 0;
T_35.12 ;
    %jmp T_35.5;
T_35.5 ;
    %pop/vec4 1;
T_35.1 ;
    %jmp T_35;
    .thread T_35;
    .scope S_0xbd953e137200;
T_36 ;
    %pushi/vec4 0, 0, 20;
    %store/vec4 v0xbd953e111a00_0, 0, 20;
    %end;
    .thread T_36, $init;
    .scope S_0xbd953e137200;
T_37 ;
    %wait E_0xbd953e0b9660;
    %load/vec4 v0xbd953e1129d0_0;
    %flag_set/vec4 8;
    %jmp/0xz  T_37.0, 8;
    %load/vec4 v0xbd953e111a00_0;
    %parti/s 19, 0, 2;
    %pad/u 20;
    %addi 390458, 0, 20;
    %assign/vec4 v0xbd953e111a00_0, 0;
    %jmp T_37.1;
T_37.0 ;
    %pushi/vec4 390458, 0, 20;
    %assign/vec4 v0xbd953e111a00_0, 0;
T_37.1 ;
    %jmp T_37;
    .thread T_37;
    .scope S_0xbd953e0da600;
T_38 ;
    %pushi/vec4 0, 0, 1;
    %store/vec4 v0xbd953e137e40_0, 0, 1;
    %pushi/vec4 0, 0, 8;
    %store/vec4 v0xbd953e137d60_0, 0, 8;
    %pushi/vec4 0, 0, 1;
    %store/vec4 v0xbd953e137f00_0, 0, 1;
    %pushi/vec4 0, 0, 4;
    %store/vec4 v0xbd953e138080_0, 0, 4;
    %pushi/vec4 3, 0, 2;
    %store/vec4 v0xbd953e138160_0, 0, 2;
    %pushi/vec4 3, 0, 2;
    %store/vec4 v0xbd953e137890_0, 0, 2;
    %pushi/vec4 1, 0, 1;
    %store/vec4 v0xbd953e137ca0_0, 0, 1;
    %pushi/vec4 0, 0, 3;
    %store/vec4 v0xbd953e137a50_0, 0, 3;
    %pushi/vec4 0, 0, 6;
    %store/vec4 v0xbd953e137970_0, 0, 6;
    %end;
    .thread T_38, $init;
    .scope S_0xbd953e0da600;
T_39 ;
    %wait E_0xbd953e0b9660;
    %load/vec4 v0xbd953e137b10_0;
    %flag_set/vec4 8;
    %jmp/0xz  T_39.0, 8;
    %load/vec4 v0xbd953e138160_0;
    %parti/s 1, 0, 2;
    %load/vec4 v0xbd953e137bb0_0;
    %concat/vec4; draw_concat_vec4
    %assign/vec4 v0xbd953e138160_0, 0;
T_39.0 ;
    %jmp T_39;
    .thread T_39;
    .scope S_0xbd953e0da600;
T_40 ;
    %wait E_0xbd953e0b9660;
    %load/vec4 v0xbd953e137b10_0;
    %flag_set/vec4 8;
    %jmp/0xz  T_40.0, 8;
    %load/vec4 v0xbd953e138160_0;
    %parti/s 1, 1, 2;
    %cmpi/e 1, 0, 1;
    %flag_get/vec4 4;
    %jmp/0 T_40.4, 4;
    %load/vec4 v0xbd953e137890_0;
    %pushi/vec4 3, 0, 2;
    %cmp/ne;
    %flag_get/vec4 4;
    %and;
T_40.4;
    %flag_set/vec4 8;
    %jmp/0xz  T_40.2, 8;
    %load/vec4 v0xbd953e137890_0;
    %addi 1, 0, 2;
    %assign/vec4 v0xbd953e137890_0, 0;
    %jmp T_40.3;
T_40.2 ;
    %load/vec4 v0xbd953e138160_0;
    %parti/s 1, 1, 2;
    %cmpi/e 0, 0, 1;
    %flag_get/vec4 4;
    %jmp/0 T_40.7, 4;
    %load/vec4 v0xbd953e137890_0;
    %pushi/vec4 0, 0, 2;
    %cmp/ne;
    %flag_get/vec4 4;
    %and;
T_40.7;
    %flag_set/vec4 8;
    %jmp/0xz  T_40.5, 8;
    %load/vec4 v0xbd953e137890_0;
    %subi 1, 0, 2;
    %assign/vec4 v0xbd953e137890_0, 0;
T_40.5 ;
T_40.3 ;
    %load/vec4 v0xbd953e137890_0;
    %cmpi/e 3, 0, 2;
    %jmp/0xz  T_40.8, 4;
    %pushi/vec4 1, 0, 1;
    %assign/vec4 v0xbd953e137ca0_0, 0;
    %jmp T_40.9;
T_40.8 ;
    %load/vec4 v0xbd953e137890_0;
    %cmpi/e 0, 0, 2;
    %jmp/0xz  T_40.10, 4;
    %pushi/vec4 0, 0, 1;
    %assign/vec4 v0xbd953e137ca0_0, 0;
T_40.10 ;
T_40.9 ;
T_40.0 ;
    %jmp T_40;
    .thread T_40;
    .scope S_0xbd953e0da600;
T_41 ;
    %wait E_0xbd953e0b9660;
    %load/vec4 v0xbd953e137b10_0;
    %flag_set/vec4 8;
    %jmp/0xz  T_41.0, 8;
    %load/vec4 v0xbd953e138080_0;
    %pad/u 32;
    %cmpi/e 0, 0, 32;
    %flag_mov 8, 4;
    %jmp/0 T_41.2, 8;
    %pushi/vec4 0, 0, 3;
    %jmp/1 T_41.3, 8;
T_41.2 ; End of true expr.
    %load/vec4 v0xbd953e137a50_0;
    %addi 1, 0, 3;
    %jmp/0 T_41.3, 8;
 ; End of false expr.
    %blend;
T_41.3;
    %assign/vec4 v0xbd953e137a50_0, 0;
T_41.0 ;
    %jmp T_41;
    .thread T_41;
    .scope S_0xbd953e0da600;
T_42 ;
    %wait E_0xbd953e0b9660;
    %load/vec4 v0xbd953e138080_0;
    %dup/vec4;
    %pushi/vec4 0, 0, 4;
    %cmp/u;
    %jmp/1 T_42.0, 6;
    %dup/vec4;
    %pushi/vec4 1, 0, 4;
    %cmp/u;
    %jmp/1 T_42.1, 6;
    %dup/vec4;
    %pushi/vec4 8, 0, 4;
    %cmp/u;
    %jmp/1 T_42.2, 6;
    %dup/vec4;
    %pushi/vec4 9, 0, 4;
    %cmp/u;
    %jmp/1 T_42.3, 6;
    %dup/vec4;
    %pushi/vec4 10, 0, 4;
    %cmp/u;
    %jmp/1 T_42.4, 6;
    %dup/vec4;
    %pushi/vec4 11, 0, 4;
    %cmp/u;
    %jmp/1 T_42.5, 6;
    %dup/vec4;
    %pushi/vec4 12, 0, 4;
    %cmp/u;
    %jmp/1 T_42.6, 6;
    %dup/vec4;
    %pushi/vec4 13, 0, 4;
    %cmp/u;
    %jmp/1 T_42.7, 6;
    %dup/vec4;
    %pushi/vec4 14, 0, 4;
    %cmp/u;
    %jmp/1 T_42.8, 6;
    %dup/vec4;
    %pushi/vec4 15, 0, 4;
    %cmp/u;
    %jmp/1 T_42.9, 6;
    %dup/vec4;
    %pushi/vec4 2, 0, 4;
    %cmp/u;
    %jmp/1 T_42.10, 6;
    %pushi/vec4 0, 0, 4;
    %assign/vec4 v0xbd953e138080_0, 0;
    %jmp T_42.12;
T_42.0 ;
    %load/vec4 v0xbd953e137ca0_0;
    %inv;
    %flag_set/vec4 8;
    %jmp/0xz  T_42.13, 8;
    %pushi/vec4 1, 0, 4;
    %assign/vec4 v0xbd953e138080_0, 0;
T_42.13 ;
    %jmp T_42.12;
T_42.1 ;
    %load/vec4 v0xbd953e138640_0;
    %flag_set/vec4 8;
    %jmp/0xz  T_42.15, 8;
    %pushi/vec4 8, 0, 4;
    %assign/vec4 v0xbd953e138080_0, 0;
T_42.15 ;
    %jmp T_42.12;
T_42.2 ;
    %load/vec4 v0xbd953e138640_0;
    %flag_set/vec4 8;
    %jmp/0xz  T_42.17, 8;
    %pushi/vec4 9, 0, 4;
    %assign/vec4 v0xbd953e138080_0, 0;
T_42.17 ;
    %jmp T_42.12;
T_42.3 ;
    %load/vec4 v0xbd953e138640_0;
    %flag_set/vec4 8;
    %jmp/0xz  T_42.19, 8;
    %pushi/vec4 10, 0, 4;
    %assign/vec4 v0xbd953e138080_0, 0;
T_42.19 ;
    %jmp T_42.12;
T_42.4 ;
    %load/vec4 v0xbd953e138640_0;
    %flag_set/vec4 8;
    %jmp/0xz  T_42.21, 8;
    %pushi/vec4 11, 0, 4;
    %assign/vec4 v0xbd953e138080_0, 0;
T_42.21 ;
    %jmp T_42.12;
T_42.5 ;
    %load/vec4 v0xbd953e138640_0;
    %flag_set/vec4 8;
    %jmp/0xz  T_42.23, 8;
    %pushi/vec4 12, 0, 4;
    %assign/vec4 v0xbd953e138080_0, 0;
T_42.23 ;
    %jmp T_42.12;
T_42.6 ;
    %load/vec4 v0xbd953e138640_0;
    %flag_set/vec4 8;
    %jmp/0xz  T_42.25, 8;
    %pushi/vec4 13, 0, 4;
    %assign/vec4 v0xbd953e138080_0, 0;
T_42.25 ;
    %jmp T_42.12;
T_42.7 ;
    %load/vec4 v0xbd953e138640_0;
    %flag_set/vec4 8;
    %jmp/0xz  T_42.27, 8;
    %pushi/vec4 14, 0, 4;
    %assign/vec4 v0xbd953e138080_0, 0;
T_42.27 ;
    %jmp T_42.12;
T_42.8 ;
    %load/vec4 v0xbd953e138640_0;
    %flag_set/vec4 8;
    %jmp/0xz  T_42.29, 8;
    %pushi/vec4 15, 0, 4;
    %assign/vec4 v0xbd953e138080_0, 0;
T_42.29 ;
    %jmp T_42.12;
T_42.9 ;
    %load/vec4 v0xbd953e138640_0;
    %flag_set/vec4 8;
    %jmp/0xz  T_42.31, 8;
    %pushi/vec4 2, 0, 4;
    %assign/vec4 v0xbd953e138080_0, 0;
T_42.31 ;
    %jmp T_42.12;
T_42.10 ;
    %load/vec4 v0xbd953e138640_0;
    %flag_set/vec4 8;
    %jmp/0xz  T_42.33, 8;
    %pushi/vec4 0, 0, 4;
    %assign/vec4 v0xbd953e138080_0, 0;
T_42.33 ;
    %jmp T_42.12;
T_42.12 ;
    %pop/vec4 1;
    %jmp T_42;
    .thread T_42;
    .scope S_0xbd953e0da600;
T_43 ;
    %wait E_0xbd953e0b9660;
    %load/vec4 v0xbd953e138640_0;
    %flag_set/vec4 9;
    %flag_get/vec4 9;
    %jmp/0 T_43.2, 9;
    %load/vec4 v0xbd953e138080_0;
    %parti/s 1, 3, 3;
    %and;
T_43.2;
    %flag_set/vec4 8;
    %jmp/0xz  T_43.0, 8;
    %load/vec4 v0xbd953e137ca0_0;
    %load/vec4 v0xbd953e137d60_0;
    %parti/s 7, 1, 2;
    %concat/vec4; draw_concat_vec4
    %assign/vec4 v0xbd953e137d60_0, 0;
T_43.0 ;
    %jmp T_43;
    .thread T_43;
    .scope S_0xbd953e0da600;
T_44 ;
    %wait E_0xbd953e0b9660;
    %load/vec4 v0xbd953e138640_0;
    %flag_set/vec4 9;
    %flag_get/vec4 9;
    %jmp/0 T_44.1, 9;
    %load/vec4 v0xbd953e138080_0;
    %pushi/vec4 2, 0, 4;
    %cmp/e;
    %flag_get/vec4 4;
    %and;
T_44.1;
    %flag_set/vec4 8;
    %flag_get/vec4 8;
    %jmp/0 T_44.0, 8;
    %load/vec4 v0xbd953e137ca0_0;
    %and;
T_44.0;
    %assign/vec4 v0xbd953e137e40_0, 0;
    %jmp T_44;
    .thread T_44;
    .scope S_0xbd953e0da600;
T_45 ;
    %wait E_0xbd953e0b9660;
    %load/vec4 v0xbd953e138080_0;
    %pad/u 32;
    %cmpi/ne 0, 0, 32;
    %jmp/0xz  T_45.0, 4;
    %pushi/vec4 0, 0, 6;
    %assign/vec4 v0xbd953e137970_0, 0;
    %jmp T_45.1;
T_45.0 ;
    %load/vec4 v0xbd953e137b10_0;
    %load/vec4 v0xbd953e137970_0;
    %pushi/vec4 8, 0, 32;
    %store/vec4 v0xbd953e1111b0_0, 0, 32;
    %callf/vec4 TD_tb_saveram.cap.log2, S_0xbd953e0daf90;
    %addi 1, 0, 32;
    %part/s 1;
    %inv;
    %and;
    %flag_set/vec4 8;
    %jmp/0xz  T_45.2, 8;
    %load/vec4 v0xbd953e137970_0;
    %addi 1, 0, 6;
    %assign/vec4 v0xbd953e137970_0, 0;
T_45.2 ;
T_45.1 ;
    %jmp T_45;
    .thread T_45;
    .scope S_0xbd953e0da600;
T_46 ;
    %wait E_0xbd953e0b9660;
    %load/vec4 v0xbd953e137b10_0;
    %load/vec4 v0xbd953e137970_0;
    %parti/s 1, 5, 4;
    %inv;
    %and;
    %load/vec4 v0xbd953e137970_0;
    %parti/s 5, 0, 2;
    %and/r;
    %and;
    %assign/vec4 v0xbd953e137f00_0, 0;
    %jmp T_46;
    .thread T_46;
    .scope S_0xbd953e0ecbc0;
T_47 ;
    %pushi/vec4 0, 0, 1;
    %store/vec4 v0xbd953e146b60_0, 0, 1;
    %pushi/vec4 0, 0, 1;
    %store/vec4 v0xbd953e147950_0, 0, 1;
    %pushi/vec4 1, 0, 1;
    %store/vec4 v0xbd953e1482e0_0, 0, 1;
    %pushi/vec4 0, 0, 1;
    %store/vec4 v0xbd953e147ac0_0, 0, 1;
    %pushi/vec4 0, 0, 1;
    %store/vec4 v0xbd953e147ed0_0, 0, 1;
    %pushi/vec4 0, 0, 1;
    %store/vec4 v0xbd953e146e80_0, 0, 1;
    %pushi/vec4 0, 0, 17;
    %store/vec4 v0xbd953e146cc0_0, 0, 17;
    %pushi/vec4 0, 0, 8;
    %store/vec4 v0xbd953e146da0_0, 0, 8;
    %pushi/vec4 0, 0, 12;
    %store/vec4 v0xbd953e147100_0, 0, 12;
    %pushi/vec4 0, 0, 12;
    %store/vec4 v0xbd953e1471f0_0, 0, 12;
    %pushi/vec4 0, 0, 1;
    %store/vec4 v0xbd953e147890_0, 0, 1;
    %pushi/vec4 0, 0, 1;
    %store/vec4 v0xbd953e147a20_0, 0, 1;
    %pushi/vec4 0, 0, 1;
    %store/vec4 v0xbd953e147630_0, 0, 1;
    %pushi/vec4 0, 0, 1;
    %store/vec4 v0xbd953e147460_0, 0, 1;
    %pushi/vec4 0, 0, 4;
    %store/vec4 v0xbd953e146c00_0, 0, 4;
    %pushi/vec4 0, 0, 17;
    %store/vec4 v0xbd953e1467f0_0, 0, 17;
    %pushi/vec4 0, 0, 8;
    %store/vec4 v0xbd953e146f40_0, 0, 8;
    %pushi/vec4 0, 0, 17;
    %store/vec4 v0xbd953e1466f0_0, 0, 17;
    %pushi/vec4 0, 0, 32;
    %store/vec4 v0xbd953e147380_0, 0, 32;
    %pushi/vec4 0, 0, 32;
    %store/vec4 v0xbd953e1477b0_0, 0, 32;
    %pushi/vec4 0, 0, 32;
    %store/vec4 v0xbd953e147020_0, 0, 32;
    %end;
    .thread T_47, $init;
    .scope S_0xbd953e0ecbc0;
T_48 ;
    %delay 23273, 0;
    %load/vec4 v0xbd953e146b60_0;
    %inv;
    %store/vec4 v0xbd953e146b60_0, 0, 1;
    %jmp T_48;
    .thread T_48;
    .scope S_0xbd953e0ecbc0;
T_49 ;
    %wait E_0xbd953e0b9660;
    %load/vec4 v0xbd953e147fa0_0;
    %assign/vec4 v0xbd953e147890_0, 0;
    %load/vec4 v0xbd953e148070_0;
    %assign/vec4 v0xbd953e147a20_0, 0;
    %load/vec4 v0xbd953e147630_0;
    %inv;
    %flag_set/vec4 9;
    %flag_get/vec4 9;
    %jmp/0 T_49.2, 9;
    %load/vec4 v0xbd953e147fa0_0;
    %load/vec4 v0xbd953e147890_0;
    %xor;
    %and;
T_49.2;
    %flag_set/vec4 8;
    %jmp/0xz  T_49.0, 8;
    %pushi/vec4 1, 0, 1;
    %assign/vec4 v0xbd953e147630_0, 0;
    %pushi/vec4 0, 0, 4;
    %assign/vec4 v0xbd953e146c00_0, 0;
    %load/vec4 v0xbd953e147b90_0;
    %assign/vec4 v0xbd953e1467f0_0, 0;
    %load/vec4 v0xbd953e147d30_0;
    %assign/vec4 v0xbd953e146f40_0, 0;
    %jmp T_49.1;
T_49.0 ;
    %load/vec4 v0xbd953e147630_0;
    %flag_set/vec4 8;
    %jmp/0xz  T_49.3, 8;
    %load/vec4 v0xbd953e146c00_0;
    %pad/u 32;
    %cmpi/e 7, 0, 32;
    %jmp/0xz  T_49.5, 4;
    %load/vec4 v0xbd953e146f40_0;
    %load/vec4 v0xbd953e1467f0_0;
    %pad/u 19;
    %ix/vec4 4;
    %store/vec4a v0xbd953e1476f0, 4, 0;
    %load/vec4 v0xbd953e147ac0_0;
    %inv;
    %assign/vec4 v0xbd953e147ac0_0, 0;
    %pushi/vec4 0, 0, 1;
    %assign/vec4 v0xbd953e147630_0, 0;
    %jmp T_49.6;
T_49.5 ;
    %load/vec4 v0xbd953e146c00_0;
    %addi 1, 0, 4;
    %assign/vec4 v0xbd953e146c00_0, 0;
T_49.6 ;
T_49.3 ;
T_49.1 ;
    %load/vec4 v0xbd953e147460_0;
    %inv;
    %flag_set/vec4 9;
    %flag_get/vec4 9;
    %jmp/0 T_49.9, 9;
    %load/vec4 v0xbd953e148070_0;
    %load/vec4 v0xbd953e147a20_0;
    %xor;
    %and;
T_49.9;
    %flag_set/vec4 8;
    %jmp/0xz  T_49.7, 8;
    %pushi/vec4 1, 0, 1;
    %assign/vec4 v0xbd953e147460_0, 0;
    %pushi/vec4 0, 0, 4;
    %assign/vec4 v0xbd953e146c00_0, 0;
    %load/vec4 v0xbd953e147b90_0;
    %assign/vec4 v0xbd953e1466f0_0, 0;
    %jmp T_49.8;
T_49.7 ;
    %load/vec4 v0xbd953e147460_0;
    %flag_set/vec4 8;
    %jmp/0xz  T_49.10, 8;
    %load/vec4 v0xbd953e146c00_0;
    %pad/u 32;
    %cmpi/e 7, 0, 32;
    %jmp/0xz  T_49.12, 4;
    %load/vec4 v0xbd953e1466f0_0;
    %pad/u 19;
    %ix/vec4 4;
    %load/vec4a v0xbd953e1476f0, 4;
    %assign/vec4 v0xbd953e147e00_0, 0;
    %load/vec4 v0xbd953e147ed0_0;
    %inv;
    %assign/vec4 v0xbd953e147ed0_0, 0;
    %pushi/vec4 0, 0, 1;
    %assign/vec4 v0xbd953e147460_0, 0;
    %jmp T_49.13;
T_49.12 ;
    %load/vec4 v0xbd953e146c00_0;
    %addi 1, 0, 4;
    %assign/vec4 v0xbd953e146c00_0, 0;
T_49.13 ;
T_49.10 ;
T_49.8 ;
    %jmp T_49;
    .thread T_49;
    .scope S_0xbd953e0ecbc0;
T_50 ;
    %wait E_0xbd953e0b9660;
    %load/vec4 v0xbd953e146a70_0;
    %flag_set/vec4 9;
    %flag_get/vec4 9;
    %jmp/0 T_50.2, 9;
    %load/vec4 v0xbd953e147380_0;
    %cmpi/s 65536, 0, 32;
    %flag_get/vec4 5;
    %and;
T_50.2;
    %flag_set/vec4 8;
    %jmp/0xz  T_50.0, 8;
    %load/vec4 v0xbd953e1468d0_0;
    %ix/getv/s 4, v0xbd953e147380_0;
    %store/vec4a v0xbd953e1469d0, 4, 0;
    %load/vec4 v0xbd953e147380_0;
    %addi 1, 0, 32;
    %store/vec4 v0xbd953e147380_0, 0, 32;
T_50.0 ;
    %jmp T_50;
    .thread T_50;
    .scope S_0xbd953e0ecbc0;
T_51 ;
    %pushi/vec4 0, 0, 7;
    %store/vec4 v0xbd953e141ec0_0, 0, 7;
    %pushi/vec4 0, 0, 1;
    %store/vec4 v0xbd953e141750_0, 0, 1;
    %pushi/vec4 0, 0, 1;
    %store/vec4 v0xbd953e141690_0, 0, 1;
    %pushi/vec4 0, 0, 16;
    %store/vec4 v0xbd953e140270_0, 0, 16;
    %pushi/vec4 0, 0, 16;
    %store/vec4 v0xbd953e140430_0, 0, 16;
    %pushi/vec4 0, 0, 4;
    %store/vec4 v0xbd953e142040_0, 0, 4;
    %pushi/vec4 0, 0, 2;
    %store/vec4 v0xbd953e13fc80_0, 0, 2;
    %pushi/vec4 0, 0, 4;
    %store/vec4 v0xbd953e140790_0, 0, 4;
    %pushi/vec4 10, 0, 32;
T_51.0 %dup/vec4;
    %pushi/vec4 0, 0, 32;
    %cmp/s;
    %jmp/1xz T_51.1, 5;
    %jmp/1 T_51.1, 4;
    %pushi/vec4 1, 0, 32;
    %sub;
    %wait E_0xbd953e0b9660;
    %jmp T_51.0;
T_51.1 ;
    %pop/vec4 1;
    %pushi/vec4 1, 0, 1;
    %store/vec4 v0xbd953e147950_0, 0, 1;
    %pushi/vec4 50, 0, 32;
T_51.2 %dup/vec4;
    %pushi/vec4 0, 0, 32;
    %cmp/s;
    %jmp/1xz T_51.3, 5;
    %jmp/1 T_51.3, 4;
    %pushi/vec4 1, 0, 32;
    %sub;
    %wait E_0xbd953e0b9660;
    %jmp T_51.2;
T_51.3 ;
    %pop/vec4 1;
    %pushi/vec4 256, 0, 17;
    %store/vec4 v0xbd953e138d20_0, 0, 17;
    %pushi/vec4 171, 0, 8;
    %store/vec4 v0xbd953e138e00_0, 0, 8;
    %fork TD_tb_saveram.core_write, S_0xbd953e138b10;
    %join;
    %fork TD_tb_saveram.expect_dirty, S_0xbd953e1444b0;
    %join;
    %pushi/vec4 20000, 0, 32;
    %store/vec4 v0xbd953e144da0_0, 0, 32;
    %fork TD_tb_saveram.expect_no_traffic, S_0xbd953e144b10;
    %join;
    %pushi/vec4 0, 0, 16;
    %store/vec4 v0xbd953e1458e0_0, 0, 16;
    %pushi/vec4 17, 0, 8;
    %store/vec4 v0xbd953e145ac0_0, 0, 8;
    %fork TD_tb_saveram.restore, S_0xbd953e145700;
    %join;
    %pushi/vec4 5, 0, 16;
    %store/vec4 v0xbd953e1458e0_0, 0, 16;
    %pushi/vec4 165, 0, 8;
    %store/vec4 v0xbd953e145ac0_0, 0, 8;
    %fork TD_tb_saveram.restore, S_0xbd953e145700;
    %join;
    %pushi/vec4 6, 0, 16;
    %store/vec4 v0xbd953e1458e0_0, 0, 16;
    %pushi/vec4 60, 0, 8;
    %store/vec4 v0xbd953e145ac0_0, 0, 8;
    %fork TD_tb_saveram.restore, S_0xbd953e145700;
    %join;
    %pushi/vec4 0, 0, 32;
    %store/vec4 v0xbd953e1472c0_0, 0, 32;
T_51.4 ;
    %load/vec4 v0xbd953e1472c0_0;
    %cmpi/s 512, 0, 32;
    %jmp/0xz T_51.5, 5;
    %pushi/vec4 0, 0, 7;
    %concati/vec4 0, 0, 6;
    %load/vec4 v0xbd953e1472c0_0;
    %parti/s 9, 0, 2;
    %concat/vec4; draw_concat_vec4
    %pad/u 17;
    %store/vec4 v0xbd953e138950_0, 0, 17;
    %pushi/vec4 17, 0, 8;
    %load/vec4 v0xbd953e1472c0_0;
    %store/vec4 v0xbd953e145150_0, 0, 32;
    %store/vec4 v0xbd953e145330_0, 0, 8;
    %callf/vec4 TD_tb_saveram.pat, S_0xbd953e144f70;
    %store/vec4 v0xbd953e138a30_0, 0, 8;
    %fork TD_tb_saveram.core_read_check, S_0xbd953e1387a0;
    %join;
    %pushi/vec4 0, 0, 7;
    %concati/vec4 5, 0, 6;
    %load/vec4 v0xbd953e1472c0_0;
    %parti/s 9, 0, 2;
    %concat/vec4; draw_concat_vec4
    %pad/u 17;
    %store/vec4 v0xbd953e138950_0, 0, 17;
    %pushi/vec4 165, 0, 8;
    %load/vec4 v0xbd953e1472c0_0;
    %store/vec4 v0xbd953e145150_0, 0, 32;
    %store/vec4 v0xbd953e145330_0, 0, 8;
    %callf/vec4 TD_tb_saveram.pat, S_0xbd953e144f70;
    %store/vec4 v0xbd953e138a30_0, 0, 8;
    %fork TD_tb_saveram.core_read_check, S_0xbd953e1387a0;
    %join;
    %pushi/vec4 0, 0, 7;
    %concati/vec4 6, 0, 6;
    %load/vec4 v0xbd953e1472c0_0;
    %parti/s 9, 0, 2;
    %concat/vec4; draw_concat_vec4
    %pad/u 17;
    %store/vec4 v0xbd953e138950_0, 0, 17;
    %pushi/vec4 60, 0, 8;
    %load/vec4 v0xbd953e1472c0_0;
    %store/vec4 v0xbd953e145150_0, 0, 32;
    %store/vec4 v0xbd953e145330_0, 0, 8;
    %callf/vec4 TD_tb_saveram.pat, S_0xbd953e144f70;
    %store/vec4 v0xbd953e138a30_0, 0, 8;
    %fork TD_tb_saveram.core_read_check, S_0xbd953e1387a0;
    %join;
    %load/vec4 v0xbd953e1472c0_0;
    %addi 64, 0, 32;
    %store/vec4 v0xbd953e1472c0_0, 0, 32;
    %jmp T_51.4;
T_51.5 ;
    %pushi/vec4 511, 0, 17;
    %store/vec4 v0xbd953e138950_0, 0, 17;
    %pushi/vec4 17, 0, 8;
    %pushi/vec4 511, 0, 32;
    %store/vec4 v0xbd953e145150_0, 0, 32;
    %store/vec4 v0xbd953e145330_0, 0, 8;
    %callf/vec4 TD_tb_saveram.pat, S_0xbd953e144f70;
    %store/vec4 v0xbd953e138a30_0, 0, 8;
    %fork TD_tb_saveram.core_read_check, S_0xbd953e1387a0;
    %join;
    %pushi/vec4 3071, 0, 17;
    %store/vec4 v0xbd953e138950_0, 0, 17;
    %pushi/vec4 165, 0, 8;
    %pushi/vec4 511, 0, 32;
    %store/vec4 v0xbd953e145150_0, 0, 32;
    %store/vec4 v0xbd953e145330_0, 0, 8;
    %callf/vec4 TD_tb_saveram.pat, S_0xbd953e144f70;
    %store/vec4 v0xbd953e138a30_0, 0, 8;
    %fork TD_tb_saveram.core_read_check, S_0xbd953e1387a0;
    %join;
    %pushi/vec4 3583, 0, 17;
    %store/vec4 v0xbd953e138950_0, 0, 17;
    %pushi/vec4 60, 0, 8;
    %pushi/vec4 511, 0, 32;
    %store/vec4 v0xbd953e145150_0, 0, 32;
    %store/vec4 v0xbd953e145330_0, 0, 8;
    %callf/vec4 TD_tb_saveram.pat, S_0xbd953e144f70;
    %store/vec4 v0xbd953e138a30_0, 0, 8;
    %fork TD_tb_saveram.core_read_check, S_0xbd953e1387a0;
    %join;
    %pushi/vec4 5, 0, 16;
    %store/vec4 v0xbd953e144870_0, 0, 16;
    %pushi/vec4 165, 0, 8;
    %store/vec4 v0xbd953e144a50_0, 0, 8;
    %fork TD_tb_saveram.expect_dump, S_0xbd953e144690;
    %join;
    %pushi/vec4 6, 0, 16;
    %store/vec4 v0xbd953e144870_0, 0, 16;
    %pushi/vec4 60, 0, 8;
    %store/vec4 v0xbd953e144a50_0, 0, 8;
    %fork TD_tb_saveram.expect_dump, S_0xbd953e144690;
    %join;
    %pushi/vec4 0, 0, 16;
    %store/vec4 v0xbd953e145600_0, 0, 16;
    %fork TD_tb_saveram.request_dump, S_0xbd953e145420;
    %join;
    %pushi/vec4 0, 0, 16;
    %store/vec4 v0xbd953e1390c0_0, 0, 16;
    %fork TD_tb_saveram.dump_header, S_0xbd953e138ee0;
    %join;
    %pushi/vec4 0, 0, 32;
    %store/vec4 v0xbd953e1472c0_0, 0, 32;
T_51.6 ;
    %load/vec4 v0xbd953e1472c0_0;
    %cmpi/s 100, 0, 32;
    %jmp/0xz T_51.7, 5;
    %pushi/vec4 17, 0, 8;
    %load/vec4 v0xbd953e1472c0_0;
    %store/vec4 v0xbd953e145150_0, 0, 32;
    %store/vec4 v0xbd953e145330_0, 0, 8;
    %callf/vec4 TD_tb_saveram.pat, S_0xbd953e144f70;
    %store/vec4 v0xbd953e1441f0_0, 0, 8;
    %fork TD_tb_saveram.expect_byte, S_0xbd953e143f10;
    %join;
    %load/vec4 v0xbd953e1472c0_0;
    %addi 1, 0, 32;
    %store/vec4 v0xbd953e1472c0_0, 0, 32;
    %jmp T_51.6;
T_51.7 ;
    %pushi/vec4 768, 0, 17;
    %store/vec4 v0xbd953e138d20_0, 0, 17;
    %pushi/vec4 119, 0, 8;
    %store/vec4 v0xbd953e138e00_0, 0, 8;
    %fork TD_tb_saveram.core_write, S_0xbd953e138b10;
    %join;
    %pushi/vec4 100, 0, 32;
    %store/vec4 v0xbd953e1472c0_0, 0, 32;
T_51.8 ;
    %load/vec4 v0xbd953e1472c0_0;
    %cmpi/s 512, 0, 32;
    %jmp/0xz T_51.9, 5;
    %pushi/vec4 17, 0, 8;
    %load/vec4 v0xbd953e1472c0_0;
    %store/vec4 v0xbd953e145150_0, 0, 32;
    %store/vec4 v0xbd953e145330_0, 0, 8;
    %callf/vec4 TD_tb_saveram.pat, S_0xbd953e144f70;
    %store/vec4 v0xbd953e1441f0_0, 0, 8;
    %fork TD_tb_saveram.expect_byte, S_0xbd953e143f10;
    %join;
    %load/vec4 v0xbd953e1472c0_0;
    %addi 1, 0, 32;
    %store/vec4 v0xbd953e1472c0_0, 0, 32;
    %jmp T_51.8;
T_51.9 ;
    %fork TD_tb_saveram.expect_dirty, S_0xbd953e1444b0;
    %join;
    %pushi/vec4 0, 0, 16;
    %store/vec4 v0xbd953e145600_0, 0, 16;
    %fork TD_tb_saveram.request_dump, S_0xbd953e145420;
    %join;
    %pushi/vec4 0, 0, 16;
    %store/vec4 v0xbd953e1390c0_0, 0, 16;
    %fork TD_tb_saveram.dump_header, S_0xbd953e138ee0;
    %join;
    %pushi/vec4 0, 0, 32;
    %store/vec4 v0xbd953e1472c0_0, 0, 32;
T_51.10 ;
    %load/vec4 v0xbd953e1472c0_0;
    %cmpi/s 200, 0, 32;
    %jmp/0xz T_51.11, 5;
    %pushi/vec4 17, 0, 8;
    %load/vec4 v0xbd953e1472c0_0;
    %store/vec4 v0xbd953e145150_0, 0, 32;
    %store/vec4 v0xbd953e145330_0, 0, 8;
    %callf/vec4 TD_tb_saveram.pat, S_0xbd953e144f70;
    %store/vec4 v0xbd953e1441f0_0, 0, 8;
    %fork TD_tb_saveram.expect_byte, S_0xbd953e143f10;
    %join;
    %load/vec4 v0xbd953e1472c0_0;
    %addi 1, 0, 32;
    %store/vec4 v0xbd953e1472c0_0, 0, 32;
    %jmp T_51.10;
T_51.11 ;
    %pushi/vec4 1, 0, 16;
    %store/vec4 v0xbd953e145e90_0, 0, 16;
    %pushi/vec4 1, 0, 8;
    %store/vec4 v0xbd953e145d90_0, 0, 8;
    %fork TD_tb_saveram.send_hdr, S_0xbd953e145bb0;
    %join;
    %pushi/vec4 200, 0, 32;
    %store/vec4 v0xbd953e1472c0_0, 0, 32;
T_51.12 ;
    %load/vec4 v0xbd953e1472c0_0;
    %cmpi/s 512, 0, 32;
    %jmp/0xz T_51.13, 5;
    %pushi/vec4 17, 0, 8;
    %load/vec4 v0xbd953e1472c0_0;
    %store/vec4 v0xbd953e145150_0, 0, 32;
    %store/vec4 v0xbd953e145330_0, 0, 8;
    %callf/vec4 TD_tb_saveram.pat, S_0xbd953e144f70;
    %store/vec4 v0xbd953e1441f0_0, 0, 8;
    %fork TD_tb_saveram.expect_byte, S_0xbd953e143f10;
    %join;
    %load/vec4 v0xbd953e1472c0_0;
    %addi 1, 0, 32;
    %store/vec4 v0xbd953e1472c0_0, 0, 32;
    %jmp T_51.12;
T_51.13 ;
    %fork TD_tb_saveram.expect_core_id, S_0xbd953e1442d0;
    %join;
    %pushi/vec4 17, 0, 16;
    %store/vec4 v0xbd953e1458e0_0, 0, 16;
    %pushi/vec4 90, 0, 8;
    %store/vec4 v0xbd953e145ac0_0, 0, 8;
    %fork TD_tb_saveram.restore, S_0xbd953e145700;
    %join;
    %pushi/vec4 8, 0, 12;
    %store/vec4 v0xbd953e147100_0, 0, 12;
    %pushi/vec4 17, 0, 16;
    %store/vec4 v0xbd953e145600_0, 0, 16;
    %fork TD_tb_saveram.request_dump, S_0xbd953e145420;
    %join;
    %pushi/vec4 170, 0, 8;
    %store/vec4 v0xbd953e1441f0_0, 0, 8;
    %fork TD_tb_saveram.expect_byte, S_0xbd953e143f10;
    %join;
    %pushi/vec4 0, 0, 8;
    %store/vec4 v0xbd953e1441f0_0, 0, 8;
    %fork TD_tb_saveram.expect_byte, S_0xbd953e143f10;
    %join;
    %pushi/vec4 5, 0, 8;
    %store/vec4 v0xbd953e1441f0_0, 0, 8;
    %fork TD_tb_saveram.expect_byte, S_0xbd953e143f10;
    %join;
    %pushi/vec4 3, 0, 8;
    %store/vec4 v0xbd953e1441f0_0, 0, 8;
    %fork TD_tb_saveram.expect_byte, S_0xbd953e143f10;
    %join;
    %pushi/vec4 0, 0, 8;
    %store/vec4 v0xbd953e1441f0_0, 0, 8;
    %fork TD_tb_saveram.expect_byte, S_0xbd953e143f10;
    %join;
    %pushi/vec4 8, 0, 8;
    %store/vec4 v0xbd953e1441f0_0, 0, 8;
    %fork TD_tb_saveram.expect_byte, S_0xbd953e143f10;
    %join;
    %pushi/vec4 0, 0, 8;
    %store/vec4 v0xbd953e1441f0_0, 0, 8;
    %fork TD_tb_saveram.expect_byte, S_0xbd953e143f10;
    %join;
    %pushi/vec4 0, 0, 8;
    %store/vec4 v0xbd953e1441f0_0, 0, 8;
    %fork TD_tb_saveram.expect_byte, S_0xbd953e143f10;
    %join;
    %pushi/vec4 17, 0, 16;
    %store/vec4 v0xbd953e1390c0_0, 0, 16;
    %fork TD_tb_saveram.dump_header, S_0xbd953e138ee0;
    %join;
    %pushi/vec4 0, 0, 32;
    %store/vec4 v0xbd953e1472c0_0, 0, 32;
T_51.14 ;
    %load/vec4 v0xbd953e1472c0_0;
    %cmpi/s 300, 0, 32;
    %jmp/0xz T_51.15, 5;
    %pushi/vec4 90, 0, 8;
    %load/vec4 v0xbd953e1472c0_0;
    %store/vec4 v0xbd953e145150_0, 0, 32;
    %store/vec4 v0xbd953e145330_0, 0, 8;
    %callf/vec4 TD_tb_saveram.pat, S_0xbd953e144f70;
    %store/vec4 v0xbd953e1441f0_0, 0, 8;
    %fork TD_tb_saveram.expect_byte, S_0xbd953e143f10;
    %join;
    %load/vec4 v0xbd953e1472c0_0;
    %addi 1, 0, 32;
    %store/vec4 v0xbd953e1472c0_0, 0, 32;
    %jmp T_51.14;
T_51.15 ;
    %pushi/vec4 1, 0, 16;
    %store/vec4 v0xbd953e145e90_0, 0, 16;
    %pushi/vec4 1, 0, 8;
    %store/vec4 v0xbd953e145d90_0, 0, 8;
    %fork TD_tb_saveram.send_hdr, S_0xbd953e145bb0;
    %join;
    %pushi/vec4 300, 0, 32;
    %store/vec4 v0xbd953e1472c0_0, 0, 32;
T_51.16 ;
    %load/vec4 v0xbd953e1472c0_0;
    %cmpi/s 512, 0, 32;
    %jmp/0xz T_51.17, 5;
    %pushi/vec4 90, 0, 8;
    %load/vec4 v0xbd953e1472c0_0;
    %store/vec4 v0xbd953e145150_0, 0, 32;
    %store/vec4 v0xbd953e145330_0, 0, 8;
    %callf/vec4 TD_tb_saveram.pat, S_0xbd953e144f70;
    %store/vec4 v0xbd953e1441f0_0, 0, 8;
    %fork TD_tb_saveram.expect_byte, S_0xbd953e143f10;
    %join;
    %load/vec4 v0xbd953e1472c0_0;
    %addi 1, 0, 32;
    %store/vec4 v0xbd953e1472c0_0, 0, 32;
    %jmp T_51.16;
T_51.17 ;
    %fork TD_tb_saveram.expect_core_id, S_0xbd953e1442d0;
    %join;
    %pushi/vec4 255, 0, 16;
    %store/vec4 v0xbd953e1458e0_0, 0, 16;
    %pushi/vec4 119, 0, 8;
    %store/vec4 v0xbd953e145ac0_0, 0, 8;
    %fork TD_tb_saveram.restore, S_0xbd953e145700;
    %join;
    %pushi/vec4 255, 0, 16;
    %store/vec4 v0xbd953e144870_0, 0, 16;
    %pushi/vec4 119, 0, 8;
    %store/vec4 v0xbd953e144a50_0, 0, 8;
    %fork TD_tb_saveram.expect_dump, S_0xbd953e144690;
    %join;
    %pushi/vec4 6, 0, 16;
    %store/vec4 v0xbd953e144870_0, 0, 16;
    %pushi/vec4 60, 0, 8;
    %store/vec4 v0xbd953e144a50_0, 0, 8;
    %fork TD_tb_saveram.expect_dump, S_0xbd953e144690;
    %join;
    %load/vec4 v0xbd953e147020_0;
    %cmpi/e 0, 0, 32;
    %jmp/0xz  T_51.18, 4;
    %vpi_call/w 3 283 "$display", "tb_saveram: PASS" {0 0 0};
    %jmp T_51.19;
T_51.18 ;
    %vpi_call/w 3 284 "$display", "tb_saveram: FAIL, %0d errors", v0xbd953e147020_0 {0 0 0};
T_51.19 ;
    %vpi_call/w 3 285 "$finish" {0 0 0};
    %end;
    .thread T_51;
# The file index is used to find the file name in the following table.
:file_names 6;
    "N/A";
    "<interactive>";
    "-";
    "tb_saveram.v";
    "../../src/iosys/uart_fixed.v";
    "../../src/iosys/iosys_bl616.v";
